,UNIVERS
HYG_DOUCHE JARDINMONDE,757919
HYG_DOUCHE PLAISIRNATURE,375640
MAQ_ONG Vernis LUM,270753
VIS_SOIN LEVRES,237366
CORPS_SOIN DES MAINS,230029
VIS_CJOUR AAAR,182546
VIS_DEMAQ BLEUET,174509
PARF_EAUX PLAISIR NATURE,168225
CORPS_HYDRA NOURRISANT,161775
PARF_PARF ET EAU DE PARF,160424
HYG_BAIN SEL HUILE PERLE,151905
MAQ_YEUX Stylos,150453
HYG_DOUCHE EDT NOEL,149338
VIS_MASQUE Jeunes Specifique,140574
MAQ_YEUX Crayons,137452
HYG_SAVONS,133594
VIS_DEMAQ Jeunes Specifique,132690
MAQ_YEUX Fard,129850
VIS_CJOUR Jeunes Specifique,126655
VIS_DEMAQ PUR,119458
MAQ_TEINT Font teint,113602
CORPS_LAIT HUILE PLAISIRNATURE,112595
PARF_EAUX PARFUMS,108712
CORPS_SOIN PIEDS ET JAMBES,108006
HYG_DOUCHE PARFUMS,101105
MAQ_ONG AUTRES,98949
MAQ_TEINT Poudres,95105
PARF_EAUX DE COLOGNE,87401
MAQ_ONG Vernis CN,85497
MAQ_YEUX Mascara Specifique,83048
SOL_APRES SOLEIL,80126
VIS_DEMAQ AAAR,77519
HYG_DEO JARDINMONDE,69333
CAP_SHAMP SPECIFIQUE,69100
CAP_SHAMP TSCHEVEUX,68478
HYG_DOUCHE MONOI,63516
CAP_SHAMP TRAITANT,58742
MAQ_YEUX Mascara SexyPulp,57844
MAQ_YEUX Eyeliner,57452
HYG_DOUCHE HOMMES,57432
PARF_EAUX HOMMES,56336
MAQ_TEINT Perfect Correcteur,54220
CORPS_LAIT HUILE MONOI,52730
CAP_AP SHAMP,51976
HYG_DOUCHE CULTUREBIO,51390
VIS_CNUIT AAAR,51365
CORPS_EXFOLIANT CORPS,50076
CORPS_LAIT HUILE PARFUMS,49197
MAQ_LEV RAL Lum4,48695
VIS_TRAIT AAAR,48084
MAQ_LEV BRILLANT,45094
VIS_LOTIONS Jeunes Specifique,42327
SOL_PROTECTEURS SOLAIRES,41375
VIS_CJOUR PUR,41109
MAQ_LEV RAL Brillance,40807
HYG_DEO PARFUMS,40445
MAQ_YEUX Mascara Vertige,40266
MAQ_LEV RAL Hydr,38821
CAP_TRAITEMENT,34522
VIS_TRAIT Jeunes Specifique,33202
CORPS_PRODUITS MINCEUR,32390
MAQ_LEV RAL GrdRouge,31422
SOL_AUTOBRONZANTS,30984
MAQ_TEINT Fard a joues,30952
HYG_DOUCHE HAMMAM,30450
VIS_SOIN HOMMES,30138
MAQ_LEV AUTRES,27894
CORPS_LAIT HUILE AUTRES,26582
HYG_DOUCHE EDT ETE,26541
HYG_DEO HOMMES,26249
MAQ_YEUX Sourcils,23982
CORPS_EAUX CORPS MONOI,20517
VIS_MASQUE PUR,17569
CAP_TENUE DE LA COIFFURE,17365
PARF_EAUX MONOI,16634
PARF_EAUX EDIT NOEL ETE,16352
CORPS_SOINS HAMMAM,16140
MAQ_YEUX Mascara Basic,15740
VIS_LOTIONS AAAR,15393
HYG_DOUCHE FRAICHEUR VEG,14976
PARF_APRES RASAGE,12178
HYG_DEO CULTURE BIO,11473
HYG_DOUCHE AUTRES,10202
SOINS CORPS ANTI-AGE,9931
HYG_RASAGE,8600
MAQ_YEUX Mascara Elixir,7885
VIS_CJOUR BIO,6434
MAQ_Autres,6256
VIS_CNUIT Jeunes Specifique,4523
CORPS_EAUX CORPS AUTRES,4317
VIS_MASQUE AAAR,3333
VIS_DEMAQ BIO,2252
VIS_CNUIT BIO,394
VIS_TRAIT BIO,321
MAQ_LEV RAL Autres,62
PARF_EAUX AUTRES,33
MULTI FAMILLES,30
VIS_CJOUR Autres,22
VIS_CNUIT Autres,20
VIS_LOTIONS Autres,12
HYG_DEO AUTRES,8
VIS_DEMAQ Autres,3
VIS_LOTIONS BIO,1
MAQ_YEUX Autres,1
DIETETIQUE,1
