LIBELLE,CLI_ID
2010 KIT MAQ PDR,30
2013 GD PARFUME F200 ML EVIDENCE,16447
2013-GD 200ML SO ELIXIR,1002
2013-LAIT PARF 200 ML SO ELIXIR,706
2013COL 10ANS EDP50ML COMMEUNE EVIDENCE,6849
2014 COLLECT EDP 50ML COMME UNE EVIDENCE,5553
2014 COLLECTOR EDP 50ML SO ELIXIR PURPLE,575
25 LINGETTES DEFROISSANTES SV,26604
49C ANTI CHUTE CURE STIM 60ML,2551
AB SVA BRUM EXPR CORP FL150ML,3406
AB SVA GEL NACR VIetCO FL150ML,729
AB SVA JAMBES D'ETE  T75 INTER,8326
AB SVA LAIT HYDR VI/CO FL150ML,4976
AB SVA Soin Lift Vis T50 INTER,5164
ACTION ABDOS FESSIERS 150ML,5725
ACTION ANTI-CELLULITE 150ML,6808
ACTION CUISSES FUSELEES 150ML,3270
ACTIVE JOUR RICHE CREME2 50ML,2
AMPLI PROTECTYL APSOL FLP150,9135
AMPOULES RIDES ET ECLAT SV3,7609
ANTI AGE ENERGIE FL 50ML,3605
ANTI-RIDES REGARD SV3 14ML,5491
ANTIRIDE BIENFAIS JOUR 50ml RC,5
ANTIRIDE BIENFAIS YEUX RC15ML,5
ANTIRIDES BIENFAIS NUIT 50mlRC,3
AP SOL 3EN1 FL150 PROT VEG,1
APRES SHAMPOOING NUTRI BOUCLES 150ML,6832
AR PROTECTYL AP SOL T50,966
ARA NATURE POUR HOMME 75ML,4903
ARA SPLASH HOGGAR 100ML,5548
ARA SPLASH TRANSAT 100ML,1823
B.A.R SENSITIVE 100ML,9649
BA HYD LUM BX JRS COR/MOOR YRIA 5ML,4
BAIN DCHE POMME REINETTE 100ML,48
BAIN DOUCHE POMME D'API 250 ML,5
BASE ONGLES LISS/LUMIN MANUC CN3 10ML,6166
BASE ONGLES RENFORCES MANUC CN3 10ML,15193
BASE PREP A LA ROSE TT ABRICOT CN3 F15ML,1878
BASE PREP A LA ROSE TT ROSE CN3 F15ML,1326
BAUM LEVRES NOIX DE COCO 4G,2
BAUME ARA GINSENG HOMME 100ML,1
BAUME JR/NT RC OMEGA 50ml,1764
BAUME LEV FDN ORANG/CHOCOL OS10 4G,1
BAUME LEVR ABRICOT DOUX 21 LU4 7ML,1522
BAUME LEVR HYDRA REPACK 2012 4G,3
BAUME LEVR MAUVE DOUX 41 LU4 7ML,1890
BAUME LEVR NUTRI REPACK 2012 4G,1
BAUME LEVR REPAIR REPACK 2012 4G,1
BAUME LEVR ROSE DOUX 11 LU4 7ML,2027
BAUME LEVR SENT FRAMBOISE 4G,42748
"BAUME LEVR SOIN NOIX COCO 4,8G",1
"BAUME LEVR SOIN REPARAT 4,8G",1
BAUME LEVRES COCO PN2 5G VPM,465
BAUME LEVRES FRAISE PN2 5G VPM,546
BAUME LEVRES FRAMB PN2 5G VPM,480
BAUME LEVRES HYDRA 4G,18547
BAUME LEVRES NOIX DE COCO 4G,26928
BAUME LEVRES NUTRI 4G,27322
BAUME LEVRES REPAIR 4G,33684
BAUME LEVRES SOIN VANILLE 4G,22
BAUME LEVRES VANI PN2 5G VPM,490
BAUME LEVRES VANILLE 4G,26630
BAUME NOUR CACAO FRAMB NOEL COLL 4G,459
BAUME NOUR CACAO ORANG NOEL COLL 4G,2344
BAUME NOUR CACAO PISTAC NOEL COLL 4G,2216
BAUME NOUR LEV CIT VANIL OS12 FDN 4G,39
BAUME NOUR LEV FL CRIST OS12 FDN 4G,39
BAUME NOUR LEV FL FEER FDN OS11 4G,3
BAUME NOUR LEV FR MERV FDN OS11 4G,4
BAUME NOUR LEV FRUITS NOIRS OS14 4G,23058
BAUME NOUR LEV FRUITS ROUGES OS14 4G,27373
BAUME POINTES SECHES 50ML,4603
BAUME REGEN NUTRITION RC T50ml,270
BAUME REPARATEUR LEVRES 4G,1
BAUME TRAD DE HAM P150ml,6828
BB CREME LIGHT PEAU PARFAITE T50ML,5093
BB CREME MEDIUM DARK PEAU PARF T50ML,2302
BB CREME MEDIUM PEAU PARFAITE T50ML,13231
BD ABRICOT PN FL50ML,1
BD AVOINE PN2 FL400ML,11364
BD AVOINE PN2 FL50ML,2485
BD COCO PN2 FL400ML,24703
BD COCO PN2 FL50ML,16246
BD FRAISE PN2 FL400ML,9275
BD FRAISE PN2 FL50ML,9764
BD FRAMBOISE PN2 FL400ML,19598
BD FRAMBOISE PN2 FL50ML,22436
BD IRIS SECRETS ESSENCES FL200ML,47
BD MURE PN2 FL400ML,15366
BD MURE PN2 FL50ML,17695
BD OLIVE PN2 FL400ML,10149
BD OLIVE PN2 FL50ML,10831
BD PECHE PN2 50ML,14718
BD PECHE PN2 FL400ML,14273
BD PN MANDARINE FL400ML,5
BD PN MANDARINE FL50ML,144
BD PN POMME F400 ML,298
BD PN POMME F50 ML,321
BD PN VANILLE FL50ML,16156
BD SE VOILE D'AMBRE FL 200ML,253
BD SEC ESS JASM FL 200ML,1649
BD SENTEUR NATURE 200ML,2648
BD VANILLE PN2 FL400ML,19570
BEAUTY BOX COLOR PROFUSION 2011 CN3,54
BIJOU PEAU FLEURS DOREES A/T MAI11 LU3,1
BIJOUX DE PEAU NOEL11 A/T LU3,1
BIO BAUM LEV NUTR CULT BIO2 10ML,5022
BIO BAUME LEVRES REPARATEUR 10ML,301
BIO CD MAUVE FL200ML,1
BIO CR JOUR ANTI RIDES P50ml,560
BIO CR NUIT ANTI RIDES P50,394
BIO CREME DOUCHE KARITE 200 ML,12389
BIO CREME DOUCHE MAUVE 200 ML,105
BIO DEO FRAICHEUR BILLE FL50ML,11549
BIO FLUIDE REVEIL REGARD TB15ML,321
BIO GD ARGAN FL200ML,1
BIO GD FRAICHEUR FL200ML,13486
BIO GEL DOUCHE ARGAN 200 ML,11973
BIO GELEE DEMAQ FL 200 ML,147
BIO GOMMAGE  CORPS T150ML,8847
BIO HUILE PRECIEUSE SOIR STG 30ML,1
BIO HYDRA VEL VISAG CULT BIO2 T50ML,2553
BIO LAIT HYDRA CORPS FL200ML,1135
BIO LAIT NUTRI CORPS FI 200ML,1277
BIO LAIT ONTUEUX DEMAQ 200ML,1761
BIO LOTION DU COUCHER FL200ML,1
BIO MIEL DOUCHE 200ML,13689
BIO NUT CR NUT MAINS CULT BIO2 50ML,4778
BIO NUTR VISAGE CULT BIO2 50ML,3347
BIO REPACK LAIT ONCTUEUX 200 ML,347
BIO SERUM ENERGIE STG 30ML,3
"BLEMISH CORRECTOR SEBOVEGETAL 1,4G",2360
BLUSH NACRE 7G 2011 CN3,7
BLUSH NAT CLAIR/ABRICOT CN3 7G,725
BLUSH NAT CLAIR/ROSE CN3 7G,2634
BLUSH NAT MAT/ABRICOTE CN3 7G,3165
BLUSH NAT MAT/ROSE CN3 7G,6514
BLUSH NAT MEDIUM/ABRIC CN3 7G,4912
BLUSH NAT MEDIUM/ROSE CN3 7G,4247
BLUSH NATUREL 7G CN3 2013 ROSE VIF,1239
BLUSH NATUREL 7G CN3 2013 ROUGE,963
BLUSH SOLEIL CUIVRE ETE14 ANI LU4 2G,888
BOUCLES SHAMPOING SOIN 300ML SVC,8390
BRONZER NACRE ETE 2012  LUM4 ANIMATIONS,8
BRUME VITAMINEE PAMPLEMOUSSE ROSE FL50ML,4342
C JR RIDES+ECLAT SV 50ml,7993
CD ANANAS COCO PN 400ML,11
CD ANANAS COCO PN 50ML,31
CD FRUITS ROUGES PN 400ML,1061
CD JDM MACADAMIA FL 200ML,5886
CD JDM RIZ DU LAOS FL 200ML,18389
CD JDM4 AMANDE  FL 200ML,53729
CD JDM4 CAFE FL 200ML,25469
CD JDM4 COTON  FL 200ML,50256
CD JDM4 MACADAMIA FL 200ML,47483
CD JDM4 MAGNOLIA FL 200ML,51709
CD JDM4 RIZ VIOLET FL200 ML,17466
CD MANGUE PASSION PN 400 ML,1020
CD MANGUE PASSION PN 50ML,841
CD PN POIRE CARAMEL FL50Ml,9814
CD PN Poire Caramel FL750 Ml,3988
COLLECT EDP 50ML COMME EVIDENCE OS2012,6
COLLECT EDP 50ML MOMENT DEBONHEUR OS2012,12
COLLECTOR  EDP SO ELIXIR PURPLE 50ML,373
COLLECTOR CREME DOUCEUR PC 125,14000
COLLECTOR EDP SO ELIXIR 30ML,4
COLLECTOR GRAND SOIN RC2  75ml,381
CONCENTRE MINCEUR TRIPL ACTION T150ML,37
CONCENTRE REP SVC P45ML,2186
CONTOUR YEUX 15ml SV40,6225
CONTOUR YEUX AntiAge GLOBAL 15,8729
CONTOUR YX BS AC.SENS.15ML,4447
CORRECT A LA ROSE TT CLAIR CN3 5G,3510
CORRECT A LA ROSE TT MAT CN3 5G,671
CORRECT A LA ROSE TT MEDIUM CN3 5G,1984
CORRECT A LA ROSE TT TRS CLAIR CN3 5G,2721
CORRECT ANTI TACHES 0 DEFAUT 14ML,441
CORRECT FLUID MEDIUM 02 LU4 7ML,2606
CORRECT FLUIDE CLAIR 01 LU4 7ML,3015
CR AA JR PxSECHE ELIXIR P40ml,7586
CR AFFINANT POT 50 ML SEBOSPECIFIC,1197
CR ANT/ROUG B/SP AC.SENS P50,5577
CR ANTIAGE NT ELIXIR7.9 P40ml,9481
CR CORPS FONDANTE P150ml NOEL1,3019
CR ECLAT INOSITOL P40ml,12
CR FOND JOUR SPF20 AAG T50ml,2413
CR FONDAMENT PEAU SECHE  AAG50,6541
CR FONDAMENTALE JOUR AAG 50ml,16207
CR HYDRATAT SPF25 HYDR/VEG 50ML,7378
CR J PX N a M ELIXIR 7.9 P40ML,14239
CR J SERUM FONDAMEN AAG FL30ml,8290
CR JOUR 1e RIDE HYDRA/VEG T30ML,1833
CR JOUR GELEE PC P50ml,3
CR JOUR NUTRI NUT/VEG P50ML,12590
CR JOUR PX/MIX HYDRA/VEG P50ML,19845
CR JOUR PX/SEC HYDRA/VEG P50ML,13787
CR JOUR SEBOSPECIFIC POT 50 ML,1474
CR JOUR SEBOSPECIFIC T40ML,476
CR JOUR/NUIT PC pot50,14117
CR JOUR/NUIT PC tub40,1669
CR JR PARF BIO.SPE AC.SENT.50ML,9441
CR MAINS AVOINE PN2 FP200ML,1020
CR NUIT NUTRI INTENSE NUT/VEG P50ML,4529
CR REGENERAT J/N50ml PURE CAL,10494
CR RESPLENDISS JR SPF20 SV50ml,5760
CR SECURIT EXT IP50 T 75ML PRO VEG,2422
CR TT BXJRS YRIA SOL/CLAIR 50ML,1
"CRAY ARGENT 91 HIV14 ANI LU4 3,25G",791
"CRAY FAP JUMB UHT BLEU/NUI 51 LU4 3,25G",1872
"CRAY FAP JUMB UHT BRUN/DORE 71 LU4 3,25G",1345
"CRAY FAP JUMB UHT ROSE/TAUP11 LU4 3,25G",1720
"CRAY FAP JUMB UHT VIOL/ELECT41 LU4 3,25G",1250
"CRAY KHOL BLEU NUIT 51 LUM4 1,3gr",10055
"CRAY KHOL BRUN 71 LUM4 1,3gr",12102
"CRAY KHOL NOIR 81 LUM4 1,3gr",42421
"CRAY REG ANTHRAC/PRO HIV13 ANI LU4 3,25G",981
"CRAY REG BLEU MEDIT ETE14 ANI LU4 3,25G",1969
"CRAY REG BLEU ROI ETE14 ANI LU4 3,25G",1572
"CRAY REG BRUN CUIVRE ETE14 ANI LU4 3,25G",672
"CRAY REG EUCAL ETE13 ANI LU4 3,25G",310
"CRAY REG JAUNE CITR ETE14 ANI LU4 3,25G",465
"CRAY REG LYS/NACR IT/COL FEV14 LU4 3,25G",1315
"CRAY REG MAUV/ANCIEN HIV13 ANI LU4 3,25G",666
"CRAY REG MENTHE IT/COL FEV14 LU4 3,25G",1235
"CRAY REG OPALE DORE  NOEL12 L4 ANI 3,25G",164
"CRAY REG ORCHROS ETE13 ANI LU4 3,25G",287
"CRAY REGARD CUIVRE NOEL11 A/T LU3 2,69G",2
CRAY REGARD PAILLET/ARGENTCN3 1.12G,1874
CRAY REGARD PAILLET/OR CN3 1.12G,1126
CRAY REGARD ROS/PAILLET CN3 1.12G,928
"CRAY VERT 62 HIV14 ANIM LU4 3,25G",312
CRAYON BLANC MANUCURE CN3 1.1G,2173
CRAYON KHOL BRUN LUM3 1.2G,2
CRAYON KHOL NOIR LUM3 1.2G,2
CRAYON LEVR BOIS/ROSE CN3 1G,943
CRAYON LEVR NUDE/BEIGE CN3 1G,930
CRAYON LEVR NUDE/ROSE CN3 1G,34
CRAYON LEVRES BRUN CN3 1G,1589
CRAYON LEVRES MAUVE CN3 1G,1174
CRAYON LEVRES ORANGE CN3 1G,60
CRAYON LEVRES ROSE CN3 1G,1138
CRAYON LEVRES ROUGE CN3 1G,1049
CRAYON REGARD ANTHRACIT CN3 1.3G,4993
CRAYON REGARD BLANC CN3 1.3G,3350
CRAYON REGARD BLEU CN3 1.3G,5385
CRAYON REGARD BRONZE CN3 1.3G,962
CRAYON REGARD BRUN CN3 1.3G,7543
CRAYON REGARD CUIVRE CN3 1.3G,1353
"CRAYON REGARD INDIGO NOEL12 L4 ANI 3,25G",172
CRAYON REGARD NOIR CN3 1.3G,14513
CRAYON REGARD PRUNE CN3 1.3G,4134
CRAYON REGARD VERT CN3 1.3G,4324
CRAYON SOURCILS BLOND CN3 1.1G,3346
CRAYON SOURCILS BRUN CN3 1.1G,8537
CRAYON SOURCILS CENDRE CN3 1.1G,5816
CRAYON SOURCILS CHATAIN CN3 1.1G,6375
CREME AR IP30 PTYL V 50ml,4070
CREME ARNICA ESSENTIEL 75 ML,1
CREME DCHE PN POIRE CARAMEL 400 ML,10523
CREME DEMAQ 3 THES T150ml,43
CREME FOND AVOINE PN200ML VPM,462
CREME FOND COCO PN P200ML VPM,723
CREME FOND OLIVE PN 50ml VPM,48
CREME FOND OLIVE PN P200ML VPM,310
CREME FOND VANILLE PN 50ml VPM,62
CREME FOND VANILLE PN200ML VPM,476
CREME MAINS 75ML CACAO  PISTACHE,2172
CREME MAINS 75ML CACAO FRAMBOISE,565
CREME MAINS ANTIRIDES RC T50ml,5455
CREME MAINS CACAO ET ORANGE 75ML,2238
CREME MAINS CACAO ORANGE T75 Ml,13016
CREME MAINS FRUITS NOIRS T75 ML,25472
CREME MAINS HYD T30 Ml CITR VAN,62
CREME MAINS HYD T75 CITR VAN,60
CREME MAINS HYD T75 FL CRIST,74
CREME MAINS OLIVE PN2 200ML,1324
CREME MAINS T30 CACAO ET FRAMBOISE,1755
CREME MAINS T75 ml FRUITS ROUGES,25176
CREME MAINS VANILLE PN2 FP200ML,1083
CREME NUIT AntiAge GLOBAL 50ml,10959
CUBE BAIN MANDARINE D' ITALIE 2011,281
CUBE DE BAIN COCO PN2 20G,25958
CUBE DE BAIN FRAISE PN2 20G,16061
CUBE DE BAIN FRAMBOISE PN2 20G,30506
CUBE DE BAIN MURE PN2 20G,27690
CUBE DE BAIN PECHE PN2 20G,19971
CUBE DE BAIN VANILLE PN2 20G,22385
CUBE PETILLANT POIRE 15g,10033
CUBE PETILLANT POMME 20g,19
CUBE VANILLE ED OR 2013 15G,1623
CURE 28 JRS AA GLOBAL 4X7ML,387
Collector CVC ORANGE pot50ml,475
Collector CVC vert pot50ml,397
Collector CVC violet pot50ml,290
Cr Fond Noix de Coco PN50mlVPM,51
Cr Mains hyd 75ml OranAman FDN,1
D FRUITS ROUGES PN 50 ML,729
D LOTUS DU LAOS JDM3 200ML,4323
DCHE 2EN1 HAMAMELIS FL300,3573
DCHE PURE HAMAMELIS FL300ML,2431
DEMAQ ANTI-IMPER 150ML SEBOSPECIFIC,834
DEMAQ DOUCEUR PUR BLEUET FL125ML,1
DEMAQ EXPRESS PUR BLEUET FL125ML,158762
DEMAQ YX BS AC.SENS 150ML,3762
DEMAQ+TONIQUE PC 200ML,23201
DEMAQ.EXPRESS YEUX BLEUET 125,3
DEO  PARFUME VANILLE NOIRE S.E 100ML,3
DEO 100ML   AMBRE NOIR,5878
DEO AERO SENTEUR NATURE 75ML,8384
DEO AEROSOL CLEA 100 ML,2
DEO BILLE 50ML HOGGAR,181
DEO BILLE 50ML TRANSAT,71
DEO BILLE HAMAMALIS 50ML,2
DEO BILLE HOGGAR 50ML,5695
DEO BILLE JDM CITRON FL50ML,10
DEO BILLE JDM COTON FL50 ML,36
DEO BILLE JDM LOTUS FL50ML,4
DEO BILLE TRANSAT 50ML,1941
DEO BILLE VETIVER FL50ML,20
DEO HOMME  EVIDENCE  GREEN 100ML,1088
DEO JASMIN SEC ESS AEROSOL 100ML,23
DEO JDM LAVANDE PROVENCE FL50ML,23
DEO JDM PULPE ALOE VERA FL50ML,1
DEO JDM4 AMANDE FL 50 ML,12856
DEO JDM4 COTON  FL50ML,17978
DEO JDM4 LAVANDIN FL50ML,15301
DEO JDM4 LOTUS FL50ML,23528
DEO MOMENT DE BONHEUR  AEROSOL 100ML,3414
DEO PARFUME  SO ELIXIR 100ML,1634
DEO PARFUME 100ML EVIDENCE,23990
DEO PARFUME 100ML SO ELIXIR PURPLE,2844
DEO PARFUME NATURE HOMME 100ML,5124
DEO ROSE SECRET  FL 100ML,1
DEO SPRAY EVIDENCE HOMME 100ML,5603
DEODORANT SENSITIVE 50ML,925
DESINCRUSTANT ENERGIE T 100ML,4571
DISSOLVANT FLACON MANUC CN3 100ML,44890
DISSOLVANT STYLO MANUC CN3 3ML,4866
DOUCH GOMMANTE F ROUGES F200 ML,14253
DOUCH GOMMANTE FRUITS NOIRS T 200 ML,13187
DUO BEAUTE ECLAT 2X6ML GEST/INST,342
DUO BRONZER HALE LEGER CN3 10.5G,3134
DUO BRONZER HALE MAT CN3 10.5G,3145
DUO ILLUMIN ECL/UNIVERSEL CN3 10.5G,2
DUO ILLUMINA ECL/ROS OS09 CN3 10.5G,2
DUO KHO BLEU/ORA/PAON HI13 ANI L4 2X0.52,245
DUO KHO GRIS/MANDAR HIV13 ANI L4 2X0.52G,337
DUO KHO MENTROP/BOU ETE13 ANI LU4 2X0.52,289
DUO KHO VER/BLPROF ETE13 ANI LU4 2X0.52,226
"DUO KHOL AMETH/VER NOEL12 L4 ANI 2X0,52G",139
DUO KHOL CUIVR/BRUN NOEL11A/TLU3 2X0.52G,13
DUO KHOL KAKI/CAMEL ETE12 LU4 ANI 2X0.52,11
"DUO KHOL MAUV/MARI NOEL12 L4 ANI 2X0,52G",163
"DUO KHOL OR/VERT NOEL11A/T LU3 2X0,52G",3
DUO KHOL POURP/OR ETE12 LU4 ANI 2X0.52,6
DUO PDRE HAL/MAT02 AX/SOLA CN3 20G,10133
EAU DE SOIN VEGETALE 100ML,4320
EAU DEMAQ PUR BLEUET FL200ML,17193
EAU DEMELANTE 200ML,4612
"EAU DES CILS OR/TRANS ETE12 L4 ANI 4,5ML",3
EAU FRAICHE P/API 75ML 2003,32
EAU MICELLAIRE 3 THES FL200ML,22663
EAU MICELLAIRE HYDRATANTE 200ML,15738
EAU MICELLAIRE PURIFIANTE 2EN1 200 SEBO,14463
EAU NACRES ARGENT ANI HIV13 LU4 30ML,190
EAU PARF EXOT MONOI TAHITI 125,91
EAU POMME  DE REINETTE VAPO 75ML,2
EAU SCINTIL OR COLLECTOR14 30ML,961
EDC FRAICHEUR CEDRE BLEU 125ML,4
EDC FRAICHEUR VERVEINE 125ML,23686
EDC THE VERT VAPO 125ML  F . V,24004
EDP  SO  ELIXIR VAPO 30ML,5678
EDP 30ML SO ELIXIR PURPLE,7941
EDP 50ML SO  ELIXIR  PURPLE,4841
EDP AMBRE S.E VAPO 30ML,698
EDP COCON NEONATURA VAPO 50ML RELIFT,3
EDP COMME UNE EVIDENCE VAPO SAC15ML OS13,1607
EDP EVIDENCE 50 EDITION LIMITE 2007,1
EDP EVIDENCE 50ML RELIFTING,30093
EDP EVIDENCE VAPO 100ML,16113
EDP EVIDENCE VAPO DE SAC 15ML,12
EDP FLOWERPARTY BY NIGHT 30ML,2682
EDP FLOWERPARTY BY NIGHT 50ML,2805
EDP INTENSE  EVIDENCE VAPO DE SAC 15ML,524
EDP INTENSE EVIDENCE 50ML,16608
EDP IRIS NOIR S.E VAPO 30ML,3
EDP IRIS NOIR SE VAPO 50ML,290
EDP JASMIN SE VAPO 30ML,5436
EDP JASMIN SEC ESS VAPO 50ML,4027
EDP JASMIN SEC ESS VAPSAC 15ML,2
EDP MING SHU 30 ML,3
EDP MOMENT DE BONHEUR VAPO 30ML,6197
EDP MOMENT DE BONHEUR VAPO 50ML,4419
EDP NEROLI SECRETS ESSENCES  50ML,4083
EDP NEROLI SECRETS ESSENCES 30ML,5172
EDP QQUES NOTES D'AMOUR  30ML,7634
EDP QQUES NOTES D'AMOUR 50ML,9168
EDP S.E. TEND JASMIN  VAPO SAC 15ML OS13,6
EDP SE VOILE D'AMBRE VP 50ML,1313
EDP SO   ELIXIR VAPO 50ML,4376
EDP SO ELIXIR VAPO SAC 15ML,10
EDP UN BONHEUR VAPO SAC 15ML,47
EDP VANILLE NOIRE S.E VAPO 30ML,1674
EDP VANILLE NOIRE S.E VAPO 50ML,1727
EDP VANILLE NOIRE SE EDIT LIMIT 30ML,5
EDP VAPO DE SAC 15ML QQNA OSFA 2015,460
EDP VAPO DE SAC 15ML SO ELIXIR PURPLE,71
EDP YRIA 30 ML,1
EDP YRIA 50 ML,77
EDT  75ML COLLECTION ETE  2014,12408
EDT  FRUITS ROUGES PN 100ML  VPM,760
EDT  FRUITS ROUGES PN 20 ML,616
EDT  POIRE CARAMEL  PN 100ML  VPM,6019
EDT  UMAJ  100ML  CERISIERS EN FLEURS,17268
EDT  UMAJ  20ML  CERISIERS EN FLEURS,738
EDT  UN MATIN AU JARDIN  100ML  MUGUET,14236
EDT  UN MATIN AU JARDIN  20ML  MUGUET,1365
EDT 100ML   AMBRE NOIR,7445
EDT 2014 FRUITS NOIRS  50ML,3161
EDT 50ML  AMBRE NOIR,5490
EDT ANANAS COCO PN 100ML VPM,153
EDT ANANAS COCO PN 20ML,62
EDT CLEA VAPO 75ML,32
EDT EAU DES LAGONS MONOI DE TAHITI 100ML,16571
EDT EVIDENCE H GREEN VP 75ML,2223
EDT EVIDENCE HOMME  VAPO 75ML,10123
EDT FLOWERPARTY VAPO 30ML,6052
EDT FLOWERPARTY VAPO 50ML,6011
EDT FLOWERPARTY VAPO SAC 15ML,32
EDT FRAISE PN2 100ML VPM,2933
EDT FRAISE PN2 20ML,9749
EDT FRAMBOISE PN 20ML,24032
EDT FRAMBOISE PN2 100ML VPM,7765
EDT IRIS NOIR S.E VAPO 75ML,2
EDT L'EAU MOMENT DE BONHEUR 50ML,8691
EDT LILAS VAPO 60ML PUR DESIR,1
EDT MANDARINE ITALIE PN 20ML,43
EDT MANDARINE ITALIE VPM PN100ML,8
EDT MANGUE PASSION PN 100ML VPM,722
EDT MANGUE PASSION PN 20ML,829
EDT MARRONS DE NOEL P.N OS09 VPM 100ML,1
EDT MAUVES  CRISTALLISEES 50ML O.S.2012,111
EDT MURE PN2 100ML VPM,5073
EDT MURE PN2 20ML,14377
EDT NATURE HOMME VAPO 50ML,10114
EDT NATURE VAPO 60ML,11958
EDT NATURELLE VAPO 75ML,2025
EDT NOIX DE COCO PN 100ML VPM,12664
EDT NOIX DE COCO PN2 20ML,20804
EDT ODE A L' AMOUR PASSIONNEMENT30ML,1
EDT ODE A L'AMOUR 50ML,1
EDT PECHE PN2 100ML VPM,3381
EDT PN 100ML  EAU INT VAN.EDOR VPM OS13,493
EDT PN 100ML  POMME DELICE VPM O.S.2012,8
EDT PN 20ML  EAU INT VAN.ED.OR VPM OS13,1945
EDT PN 20ML  POMME GOURM  O.S.2012,6
EDT PN2 PECHE 20ML,11772
EDT POIRE CARAMEL PN 20ML,9756
EDT RETROPICAL 75ML  ANIM 2013,700
EDT SO ELIXIR VAPO 30ML,567
EDT SO ELIXIR VAPO 50ML,400
EDT UN MATIN AU JARD 100ML FL. D'AGRUMES,7686
EDT UN MATIN AU JARD 20ML FL. D'AGRUMES,922
EDT UN MATIN AU JARDIN 100ML LILAS,11147
EDT UN MATIN AU JARDIN 100ML ROSE,11323
EDT UN MATIN AU JARDIN 20ML LILAS,1199
EDT UN MATIN AU JARDIN 20ML ROSE,1237
EDT VANILLE PN2 100ML VPM,13291
EDT VANILLE PN2 20ML,21263
EDT VAPO 75 ML TRANSAT,4340
EDT VAPO 75ML HOGGAR,16815
ELIXIR 7.9 COLLECTOR 2012 30ml,472
ELIXIR 7.9 Int Jeunesse30ml CS,444
ELIXIR DE BEAUTE2 RICHE CR10ML,92
ELIXIR EXFOLIANT VEGETAL TU75ML,5528
ESSENCE RIDES  FERMETE SV3 30ML,6316
ETINCELL SOLEIL/CUIVR A/T NOEL11 LU3 7ML,1
ETINCELLE OR NOEL12 LUM4 ANIM 7ML,57
EVIDENCE L' EAU 75ML,6100
EXFOLIANT FRAISE PN P200 VPM,90
EXFOLIANT OLIVE PN 50ml VPM,50
EXFOLIANT OLIVE PN2 P200ML VPM,631
EXFOLIANT PECHE PN 50ml VPM,52
EXFOLIANT PECHE PN2 P200ML VPM,473
EXFOLIANT TRAD DE HAM P150ml,8087
EXFOLIANT VANILLE PN 50ml VPM,31
EXFOLIANT VANILLE PN2 200ML VPM,663
EYE LINER BRUN03 CN3 2.5ML,2584
EYE LINER EMERAUDE05 CN3 2.5ML,1809
EYE LINER NOIR 02 CN3 2.5ML,8269
"EYE LINER NOIR 81 LUM4 2,5ML",9795
EYE LINER NOIR CN3 2.5ML,12029
EYE LINER PRUNE06 CN3 2.5ML,2014
EYE LINER SAPHIR04 CN3 2.5ML,2159
"EYELINER ARGEN ETINC HIV13 ANI LU4 2,5ML",230
"EYELINER OR NOEL12 LUM4 ANIM 2,5ML",82
FAJ POUDRE ABRICOT LUM4 2G,3067
FAJ POUDRE ROSE LUM4 2G,1615
FAJ POUDRE ROSE LUMINELLE4 2G,1013
FAP CR METAL BRONZE CN3 5ML,1
FAP CR METAL CHROME CN3 5ML,4
FAP CR METAL CUIVRE CN3 5ML,2
FAP CR METAL MERCURE CN3 5ML,8
FAP CR METAL OR CN3 5ML,4
FAP CR PASTEL AUB/ROSEE CN3 5ML,5
FAP CR PASTEL AUROR/DORE CN3 5ML,5
FAP CR PASTEL BLEU/HORIZON CN3 5ML,4
FAP CR PASTEL MAUV/BRUME CN3 5ML,7
FAP CR PASTEL SOUFFL/BLANC CN3 5ML,11
FAP CR PASTEL VERT/BOCAG CN3 5ML,3
FAP DUO 2012  CN3 3G  SABLE  ET AMBRE,2028
FAP DUO 2012  CN3 3G AZUR  ET BLEU NUIT,946
FAP DUO 2012  CN3 3G OR ET ULTRA MARINE,521
FAP DUO 2012 CN3 3G GREGE ET TURQUOISE,822
FAP DUO 2012 CN3 3G KAKI ET VERT DE GRIS,1296
FAP DUO 2012 CN3 3G NOIR ET GRIS SMOKY,1488
FAP DUO 2012 CN3 3G PRUNE ET TAUPE PDRE,1832
FAP DUO 2012 CN3 3G ROSE NUDE ET BRUN,2797
FAP DUO BLEUET/JACINTH CN3 3G,7
FAP DUO LYS TULIP/NOIRE CN3 3G,4
FAP DUO MAUVE ET KAKI CN3 3G,6
FAP DUO MENTHE/ECORCE CN3 3G,1
FAP DUO PECHE/NOISETTE CN3 3G,6
FAP DUO PISTACH/PRUNE CN3 3G,6
FAP DUO TOURNESOL/CANNEL CN3 3G,1
FAP ENLUMINEUR  OR CUIVRE 2G LUM 4 VPM,2380
FAP ENLUMINEUR B LANC NEIGE 2G LUM 4 VPM,4950
FAP ENLUMINEUR OR BLANC 2G LUM4 VPM,3760
FAP ETE2012  VERTDEGRIS 2G LUM4 ANIM VPM,2
FAP MONO  BEIGE DORE CN3 3g,33
FAP MONO  BRUN  CUIVRE CN3 3g,110
"FAP MONO 2013 CN3    FIGUE  2,5G",1474
"FAP MONO 2013 CN3   2,5G   BLEU AZUR",1771
"FAP MONO 2013 CN3   2,5G   ROSE  POIVRE",1
"FAP MONO 2013 CN3   2,5G   ROSE NUDE",3768
"FAP MONO 2013 CN3   2,5G  BLEU CIEL",2569
"FAP MONO 2013 CN3   ANTHRACITE  2,5G",684
"FAP MONO 2013 CN3   ARGENT  2,5G",1311
"FAP MONO 2013 CN3   BRONZE  2,5G",1123
FAP MONO 2013 CN3   GRIS FUME MAT  2G,263
FAP MONO 2013 CN3   ROSE THE MAT  2G,1258
"FAP MONO 2013 CN3   VERT  PAON  2,5G",590
"FAP MONO 2013 CN3  2,5G   ABSINTHE",1350
"FAP MONO 2013 CN3  2,5G   BLEU  ABYSSE",693
"FAP MONO 2013 CN3  2,5G   EUCALYPTUS",760
"FAP MONO 2013 CN3  2,5G   VERT  EMPIRE",366
"FAP MONO 2013 CN3  2,5G  BEIGE DORE",2565
"FAP MONO 2013 CN3  2,5G  PECHE",2539
FAP MONO 2013 CN3  BLEU  INDIGO  MAT 2G,223
FAP MONO 2013 CN3  BRUN  CAFE MAT  2G,494
FAP MONO 2013 CN3  BRUN CENDRE MAT 2G,828
"FAP MONO 2013 CN3  BRUN SCINTILLANT 2,5G",1323
FAP MONO 2013 CN3  NOIR EBENE MAT  2G,671
"FAP MONO 2013 CN3  NOIR SCINTILLANT 2,5G",1089
"FAP MONO 2013 CN3  OR  SCINTILLANT  2,5G",1863
FAP MONO 2013 CN3  ROSE BOISE MAT  2G,1005
"FAP MONO 2013 CN3  TAUPE  ROSE  2,5G",3182
"FAP MONO 2013 CN3  VERT  TURQUOISE 2,5G",1101
"FAP MONO 2013 CN3  VERT EMERAUDE  2,5G",388
FAP MONO 2013 CN3  VIOLET  POP MAT  2G,979
"FAP MONO 2013 CN3 2,5G BLANC PERLE",3413
"FAP MONO 2013 CN3 2,5G BRUN CACAO",1513
"FAP MONO 2013 CN3 2,5G BRUN CANNELLE",1683
"FAP MONO 2013 CN3 2,5G CUIVRE",1918
"FAP MONO 2013 CN3 BLEU SCINTILLANT  2,5G",1440
"FAP MONO 2013 CN3 CUIVRE SCINTILLANT2,5G",1005
"FAP MONO 2013 CN3 ETAIN SCINTILLANT 2,5G",2412
FAP MONO 2013 CN3 ORANGE FLASH MAT  2G,298
FAP MONO BAIE ROSE CN3 3g,102
FAP MONO BLANC NARCISSE CN3 3g,63
FAP MONO BLEU CLEMATITE CN3 3g,76
FAP MONO BLEU LAVANDE CN3 3g,98
FAP MONO BLEU VOLUBILIS CN3 3g,97
FAP MONO BOUTON D'OR CN3 3g,4
FAP MONO BRONZE LICHEN CN3 3g,90
FAP MONO BRUN AMANDE CN3 3g,144
FAP MONO BRUN CAFE CN3 3g,112
FAP MONO BRUN CHATAIGNE CN3 3g,110
FAP MONO BRUN GIROFLEE CN3 3g,52
FAP MONO FIGUE NOIRE CN3 3g,82
FAP MONO FLEUR D'ORANGER CN3 3g,70
FAP MONO INDIGO CN3 3g,8
FAP MONO MAUVE IRIS CN3 3g,113
FAP MONO MAUVE PETALE CN3 3g,121
FAP MONO NOIR EBENE CN3 3g,86
FAP MONO ORCHIDEE D'ARGENT CN3 3g,64
FAP MONO RAISIN NOIR CN3 3g,84
FAP MONO ROSE AZALEE CN3 3g,59
FAP MONO ROSE CAMELIA CN3 3g,83
FAP MONO ROSE EGLANTINE CN3 3g,155
FAP MONO TAUPE BRUYERE CN3 3g,88
FAP MONO TURQUOISE RESEDA CN3 3g,109
FAP MONO VERT ABSINTHE CN3 3g,100
FAP MONO VERT FOUGERE CN3 3g,95
FAP MONO VIOLETTE CN3 3g,91
FAP PDRE BLEU ACIER 2G  LUMINELLE 4  VPM,3514
FAP PDRE GRIS  TAUPE 2G  LUMINELLE 4 VPM,3784
FAP PDRE LILAS/VIO LU3 MONDE3.3G VAD,5
FAP PDRE MAUVE CHRYSTAL  2G LUMIN 4  VPM,4060
FAP PDRE NOIR SCINTILANT 2G  LUMIN 4 VPM,1433
FAP PDRE PECHE NUDE LUM4 VPM 2G,1103
FAP PDRE ROSE PETALE LUM4 VPM 2G,1223
FAP PDRE VERT CANARD 2G  LUMINELLE 4 VPM,1184
FAP PDRE VIOLET SCINTIL 2G  LUMIN 4  VPM,830
FAP POUDRE BRUN 2G  LUMINELLE  4  VPM,1862
FAP QUAT TONS PDRE OR ROS OS12 CN3 4G,15
FAP TRIO  BOIS DE ROSE 10 CN3 3G,177
FAP TRIO  BRUN/AMBRE 21 CN3 3G,142
FAP TRIO  MAUVE/CENDRE 20 CN3 3G,132
FAP TRIO  TAUPE/FUME 31 CN3 3G,116
FAP TRIO BEIGE NUDE 11 CN3 3G,71
FAP TRIO PRUNE ROSE 30 CN3 3G,119
FDT  ROSE BEIG400 TT MAT CN3FL30,340
FDT 0/DEF BEIG100 TR/CLAIR CN3 30,1946
FDT 0/DEF BEIG200 CLAIR CN3 30,6832
FDT 0/DEF BEIG300 MEDIUM CN3 30,7333
FDT 0/DEF BEIG400 MAT CN3 30,4366
FDT 0/DEF BRUN500 TRES MAT CN3 30,1587
FDT 0/DEF BRUN600 FONCE CN3 30,954
FDT 0/DEF BRUN700 TRS FONC CN3 30,330
FDT 0/DEF ROSE100 TR/CLAIR CN3 30,1689
FDT 0/DEF ROSE200 CLAIR CN3 30,4764
FDT 0/DEF ROSE300 MEDIUM CN3 30,4833
FDT 0/DEF ROSE400 MAT CN3 30,2441
FDT CR BEIG100 TRES CLAIR CN3 40,941
FDT CR BEIG200 CLAIR CN3 40ML,3057
FDT CR BEIG300 TEINT MEDIUM CN3 40,3287
FDT CR BEIG400 TEINT MAT CN3 40,3386
FDT CR ROSE100 TRES CLAIR CN3 40,722
FDT CR ROSE200 CLAIR CN3 40ML,1887
FDT CR ROSE300 TEINT MEDIUM CN3 40,2546
FDT CR ROSE400 TEINT MAT CN3 40,1598
FDT FL/MAT BEIG100 TR/CLAIR CN3 30,629
FDT FL/MAT BEIG200 CLAIR CN3 30,1584
FDT FL/MAT BEIG300 MEDIUM CN3 30,1100
FDT FL/MAT BEIG400 MAT CN3 30,720
FDT FL/MAT ROSE100 TR/CLAIR CN3 30,239
FDT FL/MAT ROSE200 CLAIR CN3 30,1175
FDT FL/MAT ROSE300 MEDIUM CN3 30,783
FDT FL/MAT ROSE400 MAT CN3 30,336
FDT PDRE LIBRE CLAIR CN3 4G,350
FDT PDRE LIBRE MAT CN3 4G,232
FDT PDRE LIBRE MEDIUM CN3 4G,388
FDT PDRE LIBRE TRES CLAIR CN3 4G,160
FDT PINCEAU ECL/TRES CLAIR CN3 15,1
FDT PINCEAU ECLAT CLAIR CN3 15,4
FDT PINCEAU ECLAT MAT CN3 15,4
FDT PINCEAU ECLAT MEDIUM CN3 15,1
FDT PUR LIG BGE 800 CHOCOLAT CN3 30ML,315
FDT PUR LIG BGE700 CAPPUCCINO CN3 30ML,491
FDT PUR LIG DORE300 TT TRES MAT CN3 30ML,711
FDT PUR LIGH BEIGE 200 TT CLAIR CN3 30ML,4635
FDT PUR LIGH BEIGE 400 TT MAT CN3 30ML,2470
FDT PUR LIGH BEIGE 600 CARAMEL CN3 30ML,734
FDT PUR LIGH BGE 100TT TR CLAIR CN3 30ML,2293
FDT PUR LIGH BGE 300 TT MEDIUM CN3 30ML,4069
FDT PUR LIGH BGE 500 TT TR MAT CN3 30ML,1006
FDT PUR LIGH DORE 200 TT MAT CN3 30ML,920
FDT PUR LIGH ROSE 200 TT CLAIR CN3 30ML,3284
FDT PUR LIGH ROSE 300 TT MEDIUM CN3 30ML,2873
FDT RAYON JEUNES BGE DORE200 CN3 30ML,984
FDT RAYON JEUNES BGE ROSE200 CN3 30ML,1854
FDT RAYON JEUNES BGE ROSE300 CN3 30ML,1925
FDT RAYON JEUNESSE BEIGE000 CN3 30ML,268
FDT RAYON JEUNESSE BEIGE100 CN3 30ML,636
FDT RAYON JEUNESSE BEIGE200 CN3 30ML,2803
FDT RAYON JEUNESSE BEIGE300 CN3 30ML,2885
FDT RAYON JEUNESSE BEIGE400 CN3 30ML,1767
FDT RAYON JEUNESSE BGE ROSE000 CN3 30 ML,250
FDT RAYON JEUNESSE BGE ROSE100 CN3 30ML,583
FDT ROSE BEIG100 TT TRES CLAIR CN3FL30,123
FDT ROSE BEIG200 TT CLAIR CN3FL30,404
FDT ROSE BEIG300 TT MEDIUM CN3FL30,382
FDT ROSE ROS100 TT TRES CLAIR CN3FL30,120
FDT ROSE ROS200 TT CLAIR CN3FL30,369
FDT ROSE ROS300 TT MEDIUM CN3FL30,475
FDT ROSE ROS400 TT MAT CN3FL30,291
FDT SEC/PEAU BEIG100 TR/CLAIR CN3 30,4
FDT SEC/PEAU BEIG200 CLAIR CN3 30,5
FDT SEC/PEAU BEIG300 TEINT MEDIUM CN3 30,11
FDT SEC/PEAU BEIG400 TEINT MAT CN3 30,4
FDT SEC/PEAU ROSE100 TR/CLAIR CN3 30,1
FDT SEC/PEAU ROSE200 CLAIR CN3 30,2
FDT SEC/PEAU ROSE300 TEINT MEDIUM CN3 30,6
FDT SEC/PEAU ROSE400 TEINT MAT CN3 30,5
FDT SOLEIL HALE INTENS CN3 4G,90
FDT SOLEIL HALE NATUR CN3 4G,101
FEUTRE LINER NOIR 01 CN3 1.2G,15489
FL REGENE CELLUL NOCT40 ADN2,1
FLUID PERF ANT TACH SPF 0 DEF 50ML,349
FLUID SECHAG EXPRESS MANUC CN3 5.5ML,3645
FLUIDE CELLULITE F200 MINCEUR CAFE VERT,34
FLUIDE SUBLIMATEUR ECLAT OS12 CN3 30ML,49
FRAICHEUR BAMBOU EDC 125ML,1
FRAICHEUR CHEVREF EDC 125ML,40188
FRAICHEUR SH DCHE BAMBOU 200ML,18
FRAICHEUR SH DCHE CHEVREF 200,7475
FV CHEVREFEUIL DEO BILLE 50ML,3
FV THE VERT DEO BILLE 50ML,1
FV VERVEINE DEO BILLE 50ML,2
Fluide AR RICHE CREME2 FL50ml,2847
GD  CACAO AFRIQUE FL 200 ML JDM3,5
GD  ORCHIDE DE MADAGASCAR FL 200 ML JDM3,3
GD 200 ML SO ELIXIR PURPLE,1862
GD 200ML AMBRE NOIR,7972
GD AGRUMES FP FL 200 ML,7721
GD AMANDE DE CALIF JDM3 FL200ML,1922
GD CACAO ORANGE 200 Ml,21121
GD EVIDENCE H GREEN T200ML,1454
GD EVIDENCE HOMME T200ML,6590
GD FL ORANGE FLORIDE 200 ML JDM3,2002
GD FL YLANG COMORES 200ML JDM3,1966
GD FL200ML JDM PAMPLEMOUSSE,19329
GD FLEUR DE TIARE JDM3 200ML,4005
GD FLOWERPARTY FL200ML,3309
GD GOMMANT FRAISE T200 ML,15909
GD GOMMANT FRAMBOISE T200 ML,23723
GD GOMMANT MURE T200 ML,20532
GD GOMMANT PECHE T200 ML,20706
GD GOMMANT VANILLE T200 ML,24739
GD JDM CITRON VERT  FL200ML,3692
GD JDM COTON D'INDE FL200ML,5554
GD JDM GRENADE FL200ML,6026
GD JDM HOMME VETIVER FL200ML,40
GD JDM LAVANDIN PROVENCE FL 200ML,4319
GD JDM4 CIT VERT FL 200ML,53634
GD JDM4 GRENADE FL200ML,81406
GD JDM4 LAVANDIN DE PROVENCE 200ML,54830
GD JDM4 LOTUS FL200ML,85914
GD JDM4 ORANGE FL 200ML,40634
GD JDM4 PAMPLEMOUSSE FL 200ML,40898
GD JDM4 THE VERT FL200ML,37147
GD JDM4 TIARE FL 200ML,44820
GD LILAS FP FL200ML,13820
GD NATURELLE FL200,253
GD PAILLETE CACAO ORANGE 250 Ml,8848
GD PAILLETE FRUITS NOIRS 250 ML,11199
GD PARFUME 200 ML FLOWERPARTY BY NIGHT,1904
GD PARFUME L'ELIXIR FL200ML,246
GD PARFUME UN BONHEUR FL200ML,1938
GD PARFUME VANILLE NOIRE SE FL200ML,607
GD Paillete 250ML FUNTASTIC,9856
GD ROSE FP FL200ML,14548
GD SEC ESS NEROLI 200 ML,1491
GD TRANSAT 200 ML,2203
GD VANILLE COLL OR 50ML 2013,3739
GD VANILLE COLLECTOR 750ML 2013,2767
GD VANILLE ED OR 400ML 2013,1318
GEL A RASER CLEAN  & FRESH,2795
GEL ANTI BRILLANCE GINS T50ml,72
GEL CORP/CHEV 200ML CEDRE BLEU,4
GEL CR MATIFIANT SEBOVEG 50ML,6302
GEL CR ZERO DEFAUT SEBOVEG 50ML,16454
GEL DCHE CORPS/CHEVEUX 200ML ERYO,2
GEL DEFATIG ENERGIE FL 50ML,2824
GEL DOUCEUR MAINS HAMAM FL300ML,1769
GEL DOUCHE ETE 2014 200 ML,25265
GEL DOUCHE FRAICHEUR 200ML,11307
GEL DOUCHE FRAICHEUR MENTHE 200 ML,8405
GEL DOUCHE FRAICHEUR VETIVER 200ML,8269
GEL DOUCHE LOVE FI 200 ML,1747
GEL LAVANT MAINS CACAO ORANGE F200 Ml,7647
GEL LAVANT MAINS F200 FRUITS ROUGES,17464
GEL LAVANT MAINS F200ML FRUITSNOIR,15828
GEL MAINS ANTIBACTERIEN F100,3
GEL MOUSS FL200 VERVEINE FV,3364
GEL MOUSS THE VERT FV FL200 REF,4319
GEL NETT HYDRA VEG T125ML,25506
GEL NETT. PC 200ML,23291
GEL NETTOYANT FRAICHEUR 100ML,919
GEL NETTOYANT PURIFIANT 125 ML,20419
GEL PARF B/DCHE 200ML EVIDENCE,58
GEL SOS DESTOCKANT FL 165ML,3184
GELEE HYDRAT YX HYDRA/VEG 15ML,5654
GELEE PROTECTYL APSOL T150,8986
GELEE TEINT HALE LEGER 01 AX/SO CN3 30ML,1709
GELEE TEINT HALE MAT 02 AX/SO CN3 30ML,1896
GINSENG BONNE MINE T50ml,70
GLM 300ML CACAO ET FRAMBOISE,1142
GLM 300ML CACAO ET ORANGE,2141
GLM 300ML CACAO ET PISTACHE,2690
GLM AVOINE PN2 FP300ML,2071
GLM F300 CITRON VANILLE,175
GLM F300 FLEURS CRISTALLISEES,166
GLM F300ML FLEUR FEER,92
GLM F300ML FRUIT MERV,108
GLM JDM FLEUR DE LOTUS FP200ML,17148
GLM JDM LAVANDIN FP200ML JDM3,1168
GLM JDM YLANG YLANG FP200ML,11
GLM OLIVE PN2 FP300ML,3156
GLM VANILLE PN2 300ML,2455
GLOSS BAIE NOEL11 AX/TD LU3 7ML,1
"GLOSS BEIGE DORE ETE14 ANI LU4 4,5ML",457
"GLOSS BLEU/CRISTA IT/COL AOUT13 L4 4,5ML",266
"GLOSS CORAIL NACRE HIV14 ANI LU4 4,5ML",643
"GLOSS CORAIL/TEND IT/COL AOUT13 L4 4,5ML",592
"GLOSS ECLAT ARGENT HIV13 ANI LU4 4,5ML",290
GLOSS GELEE FRUITEE FRAMB PN2 10ML,6565
"GLOSS GRENAT NOEL12 LU4 ANIM 4,5ML",207
"GLOSS HIBIS/ROSE ETE13 ANI LU4 4,5ML",280
"GLOSS HIBISC/RGE ETE13 ANI LU4 4,5ML",159
GLOSS LEV MANDARINE OS11 PN 10ML,1096
GLOSS LEVRES ABRICOT PN T10ML,2474
"GLOSS MAUVE IT/COL AOUT13 LUM4 4,5ML",358
"GLOSS MURE 41 LUM4 4,5ML",2571
"GLOSS OR SCINTIL NOEL12 L4 ANI 4,5ML",277
"GLOSS PECHE 21 LUM4 4,5ML",1024
"GLOSS PECHE MELBA ETE13 ANI LU4 4,5ML",234
"GLOSS PRALINE 71 LUM4 4,5ML",1679
GLOSS REPULP COCO CN3 09 5,1
GLOSS REPULP FRAISE CN3 09 5,1
GLOSS REPULP NOISETTE CN3 09 5,4
"GLOSS RGE/ORANG IT/COL AOUT13 L4 4,5ML",402
"GLOSS ROS/CASHM NOEL12 L4 ANIM 4,5ML",72
"GLOSS ROSE LEGER 11 LUM4 4,5ML",3429
GLOSS ROSE NYMPHEA A/T MAI11 LU3 7ML,1
"GLOSS ROSE VIF ETE14 ANI LU4 4,5ML",741
"GLOSS ROUGE INTENSE 31 LUM4 4,5ML",839
GLOSS SEXY PUL COR/CLAI10 ETE13 CN3 10ML,351
GLOSS SEXY PULP OR AUTOMNE14 10ML,1446
GLOSS SEXYPULP BEIGE DORE 07 CN3 10ML,1128
GLOSS SEXYPULP CARAMEL 05 CN3 10ML,794
GLOSS SEXYPULP CORAIL 01 CN3 10ML,825
GLOSS SEXYPULP CRISTAL 08 CN3 10ML,2191
GLOSS SEXYPULP NUDE ROSE 06 CN3 10ML,1364
GLOSS SEXYPULP RGE SOMBRE 04 CN3 10ML,1462
GLOSS SEXYPULP ROSE INDI 02 CN3 10ML,1800
GLOSS SEXYPULP ROSE VIF 03 CN3 10ML,2903
"GLOSS SOLEIL CUIVRE ETE14 ANI LU4 4,5ML",342
"GLOSS TERR/BRUL ETE12 LU4 ANI 4,5ML",84
"GLOSS TRANSP/SCINTI 01 LUM4 4,5ML",2967
GLOSS TRANSPARENCE LU HV06 4.5ML,4
GLOSS VOLUME TAUP/ROS OS12 CN3 10ML,188
GM 200ml FRUITS ROUGES,36069
GM 300ML CACAO ET FRAMBOISE,484
GM 300ML CACAO ET PISTACHE,553
GM CACAO ET ORANGE 300ML,293
GM F300 CITRON VANILLE,37
GM F300 FLEURS CRISTALLISEES,162
GM F300ML FLEUR FEER,1
GM FRUITS NOIRS 200 ML,32391
GM PAILLETE 250ML CACAO  FRAMBOISE,157
GM PAILLETE 250ML CACAO  ORANGE,510
GM PAILLETE 250ML CACAO  PISTACHE,1093
GOMM ABRICOT  BTE CROQUER T50,45335
GOMMAGE CLE MINCEUR 150 ML,3527
GOMMAGE DETOX TUBE 150ML,3293
GOMMAGE DOUCEUR PURE CAL 75ml,17590
GOMMAGE GOURMAND ABRICOT T50ml,276
GOMMAGE PURIFIANT SEBOVEG 75ML,11713
GR SOIN REGEN RICHE CREME 75ML,3
GRAND SOIN RICHE CREME P75ml,9357
GRANDE BEAUTYBOX 2014 YR,3947
GRANDE PALETTE CN 2013,514
HAMAMELIS SH 3EN1 FL300ML,1
HLE MASS TRAD HAMMAM FL100,7913
HUILE CORPS PAILL CACAO ORANGE,616
HUILE DOUCHE TRAD DE HAM. FL200ML,21686
HUILE IP6 FL150 PROT VEG,3872
HUILE Pailletee150ML FUNTASTIC,5215
HUILE REPARATRICE 150ML,11129
HUILE SECH BRONZ.2 125ML MONOI,68
HUILE SECHE MDT 125 ML,28619
HUILE SECHE SUBLIMANTE 100 ML SVC,15658
HUILE SPF 30 PV 150 ML,2660
HUILE TIARE TRAD.100ML MONOI,6
HYDRA LAIT DEMAQ FL200ML,10468
HYDRA PROT IP30 POCKET FL40 PROT VEG,1
HYDRA SEVE NUIT HYDRASP P50ML,1
HYDRA TONIQUE FL 200ML,13881
ILLUMI SCULPT CUIVR/DOR01 ETE14 CN3 15ML,1495
J-14 LIFTING SILHOUETTE FLP 150ML,58
"KHOL FONDANT NOIR 00 CN3 2,5G",839
"KHOL OR AUTOMNE14 1,3G",2039
"KHOL VIOLINE AUTOMNE14 1,3G",2230
"LA CURE ADN2 28 X 0,8ml",6
LAIT 200ML SO ELIXIR PURPLE,1124
LAIT 3 EN 1 IP30 FL 150ML PRO VEG,25
LAIT 3EN1 PROTECTYL AP SOL FL150,61617
LAIT AGRUMES FP FL200ML,3323
LAIT AVOINE PN2 FL50ML,1691
LAIT COCO PN2 FL50ML,11297
LAIT CORPS 300ML CACAO  FRAMBOISE,587
LAIT CORPS 300ML CACAO  PISTACHE,1108
LAIT CORPS CERISIER UMAJ FL200ML,7429
LAIT CORPS F300 CITRON VANIL,35
LAIT CORPS F300 FLEURS CRIST,84
LAIT CORPS F300ML FLEUR FEER,6
LAIT CORPS F300ML FRUIT MERV,3
LAIT CORPS FRUITS NOIRS 200ML,9770
LAIT CORPS HAMAMELIS FL300 ML,1831
LAIT CORPS LOVE FI 200 ML,1071
LAIT CORPS NATURELLE FL200ML,156
LAIT CORPS PUR DESIR PIVOINE FL 200 ML,2
LAIT CPS HTE RECONSTRUCT fl p 200ml,4527
LAIT DE PARF VOILE AMBRE SE FL 200ML,168
LAIT DE TOILETTE PC 200ML,5931
LAIT DEM BIO.SPE.AC.SENS.150ML,9143
LAIT DEMAQ 2010 SV FL200ML,8322
LAIT DEMAQ 3 THES FL200ML,9325
LAIT DOUCHE TRAD DE HAM FL200ML,8925
LAIT ENFANT IP30 FL150 PROT VEG,1
LAIT FLOWERPARTY FL200ML,1597
LAIT FRAMBOISE PN FL50ML,15270
LAIT IP15 FL150 PROT VEG,5
LAIT IP6 FL150 PROT VEG,4280
LAIT IRIS SECRETS ESSENCES FL200ML,1
LAIT JASM SEC ESS FL 200ML,543
LAIT LILAS FP FL200ML,5762
LAIT MANDARINE PN FL50ML,30
LAIT MURE PN2 FL50ML,10898
LAIT NEROLI SEC ESS FL 200 ML,1485
LAIT OLIVE PN2 FL50ML,3411
LAIT PARF CORPS 200ML EVIDENCE,52
LAIT PARF F200 ML EVIDENCE,11257
LAIT PARF UN BONHEUR FL200ML,1242
LAIT PARFUME 200 ML FLOWERPARTY BY NIGHT,846
LAIT PARFUME L'ELIXIR FL200ML,266
LAIT PARFUME VANILLE NOIRE SE FL200ML,516
LAIT PECHE PN2 FL50ML,9641
LAIT REPARATEUR KARITE 150ML,13865
LAIT ROSE FL 200ML SECRETS ESSENCES,1
LAIT ROSE FP FL200ML,6733
LAIT VANILLE PN2 FL50ML,10636
LAIT VELOUTE AVOINE PN2 400ML,5392
LAIT VELOUTE COCO PN2 400ML,9829
LAIT VELOUTE FRBOISE PN FL400ML,5478
LAIT VELOUTE MURE PN2 FL400ML,4012
LAIT VELOUTE OLIVE PN FL400ML,3777
LAIT VELOUTE PECHE PN FL400ML,4174
LAIT VELOUTE VANILLE PNFL400ML,7882
LAQU LEVR BRUN/GRENATCN3 09 5,2
LAQUE LEVR OCRE/NUDE CN3 09 5,3
LAQUE LEVR ORANG/LATERCN3 09 5,1
LAQUE LEVR ROS/DES SABL CN3 09 5,1
LAQUE LEVR VIOL/QUARTZCN3 09 5,2
LC VANILLE ED OR 2013 400ML,563
LC VANILLE ED OR 50 ML 2013,2124
LE PARFUM   EVIDENCE  VAPO 30ML,1587
LIFTING CORPS ENRICHI++SVH 150,13
"LINER SOLEI/BLEU ETE12 LU4 ANIM 2,5ML",7
LINGETTES CALMILLE 2013,62327
LINGETTES DEMAQ 3 THES,9019
LIPLINER RETRA MAUV/BOIS21 CN3 2013 0.3G,3565
LIPLINER RETRAC BOIS ROS71 CN3 2013 0.3G,2434
LIPLINER RETRAC RGE FONC32 CN3 2013 0.3G,3633
LIPLINER RETRACT BEIGE51 CN3 2013 0.3G,2096
LIPLINER RETRACT ROUGE31 CN3 2013 0.3G,2592
LISSAGE AP SHAMPOING LISSANT 150ML SVC,8239
LISSAGE SERUM LACTE LISSANT 100 ML,3769
LISSAGE SHAMPOING LISSANT 300ML SVC,8468
LOTION 3 THES FL200ML,9945
LOTION FL NUTRISP 150 ML,12
LOTION FLORALE PC 200ML,5872
LOTION PORE MINIMIZER 150ML,9068
LOTION SEBO SPECIF FL150,735
LOTION SV 2010 FL200ML,5470
LTN DERM/AP BIO.SPE.AC.SENS.150ML,8595
Lait PN Poire Caramel FL400 Ml,4771
MASC ARGENT 91 HIV14 ANIM LUM4 4 ML,569
MASC BLEU LAG ETE13 ANI LU4 4ML,207
MASC EXTENS BLEU CN3 2009 5ML,449
MASC EXTENS BRUN CN3 2009 5ML,517
MASC EXTENS NOIR CN3 2009 5ML,483
MASC LONG 360 WP NOIR 01 CN3 8ML,9456
MASC LONG NOIR 01 OS11 CN3 8ML,4
MASC PAILLETE OR NOEL11 A/T LU3 4ML,1
MASC SEXYPULP BLEU 03 CN3 9ML,5953
MASC SEXYPULP BRUN 02 CN3 9ML,6259
MASC SEXYPULP NOIR 01 CN3 9ML,45666
MASC ULTRA VOL NOIR01 OS12 CN3 9ML,26
MASC ULTRA VOL NOIR01 OS13 CN3 9ML,648
MASC VOLUME BLEU CN3 2009 5ML,2212
MASC VOLUME BRUN CN3 2009 5ML,1843
MASC VOLUME NOIR CN3 2009 5ML,10349
MASC WATER NOIR 01 AX/SO CN3 9ML,15219
"MASCARA BEAUTE BRUN 71 LUM4 6,5ML",2125
"MASCARA BEAUTE NOIR 81 LUM4 6,5ML",11238
MASCARA DEPLOYE BLEU 03 CN3 9ML,3596
MASCARA DEPLOYE BRUN 02 CN3 9ML,3259
MASCARA DEPLOYE NOIR 01 CN3 9ML,17414
MASCARA LONG ANTHRACIT03 CN3 8ML,2595
MASCARA LONG BRUN 02 CN3 8ML,2389
MASCARA LONG NOIR 01 CN3 8ML,13347
MASCARA OR ETE14 ANI LUM4 4ML,957
MASCARA SOIN BLEU03 2014 CN3 9ML,730
MASCARA SOIN BRUN02 2014 CN3 9ML,977
MASCARA SOIN NOIR01 2014 CN3 9ML,6178
MASCARA VOL VERTIGE BLEU CN3 9ML,3864
MASCARA VOL VERTIGE BRUN CN3 9ML,4014
MASCARA VOL VERTIGE NOIR CN3 9ML,32410
MASQ CONFORT EXTREM BIO SPEC75,4299
MASQ FLASH DES ASPHYX CS 50ML,739
MASQ SOS SOIF 75ML GEST/INSTITUT,1814
MASQUE 3MIN GRENADE 50ml,1325
MASQUE AQUA TONIC RAISIN T50ml,1089
MASQUE CITRON 3MINS T50ml,423
MASQUE HYDRA VEGETAL T75ML,3896
MASQUE NUTRI NUTRIT/VEGETAL T75ML,4641
MASQUE PEEL OFF 75ML GEST/INSTIT,1687
MASQUE PURE SYSTEM 2X4ML,4215
MASQUE PURE SYSTEM T50 50ML,9482
MASQUE PURETE SEBOVEGETAL 75ML,8532
MASQUE SUPRA LIFT OV/LIF T40ML,2609
MASQUE VIS TRAD DE HAM T100ml,8258
MAXI DCHE PURE HAMAMELIS FL500ML,2550
MAXI LAIT DOUCEUR HAMAMELIS3 FL500ML,1598
MAXI SHAMP DOUCEUR HAMAMELIS3 FL500ml,8
MAXI SPRAY FL200ML VPM,4889
MDT HUILE SECHE PREC VPM 100ML,11659
MDT HUILE TIARE TRAD VPM 100ML,12639
MDT SD DES LAGONS 150 ML,64400
MONOI EAU HYDRA PARF FP 125 ML,20588
MOUS A RAS GINSENG 150ML,1
MOUSSE A RASER SENSITIVE,5871
MOUSSE DEMAQ 3 THES T150ml,1791
MSQ CRANBERRY BTE CROQUER T50,35455
NACRES LIBR OR ULTRA NACRE AUTOMNE14 3G,966
NACRES LIBRES CRISTAL CN3 3G,1092
NACRES LIBRES CUIVREES CN3 3G,349
NACRES LIBRES DOREES CN3 3G,598
NACRES LIBRES ROSES CN3 3G,457
NACRES LIBRES TAUPES CN3 3G,619
NETTOYANT DESINCRUSTANT 125ML,21348
NETTOYANT DX SEBO SPE FL150,1332
NUTRI GEL NETT T125ML,7923
NUTRI LAIT DEMAQ VELOUTE F200ML,4560
NUTRI T CORPS NUTRISP 150 ML,5
NUTRI TONIQUE CONFORT F200ML,5791
OMBR CR ULTR/LG TEN BLEU/FR04 CN3 7ML,2790
OMBR CR ULTR/LG TEN BLEU/MAUV05 CN3 7ML,1803
OMBR CR ULTR/LG TEN BRONZE07 CN3 7ML,2120
OMBR CR ULTR/LG TEN BRUN/NOIR08 CN3 7ML,1083
OMBR CR ULTR/LG TEN MAUVE02 CN3 7ML,2882
OMBR CR ULTR/LG TEN MERCURE03 CN3 7ML,3121
OMBR CR ULTR/LG TEN NUDE01 CN3 7ML,4513
OMBR CR ULTR/LG TEN PRUNE09 CN3 7ML,1188
OMBR CR ULTR/LG TEN TURQUOIS06 CN3 7ML,1146
OMBRE CR LT CUIVRE11 ETE14 CN3 7ML,509
OMBRE CR LT VIEUX ROSE10 ETE14 CN3 7ML,890
OMBRE CREME BRUN PRECIEUX AUTOMNE14 7ML,595
OMBRE CREME OR AUTOMNE14 7ML,1494
OMBRE+LINER AMETHYSTE CN3 4ML,360
OMBRE+LINER JADE CN3 4ML,292
OMBRE+LINER LAPIS/LAZULI CN3 4ML,354
OMBRE+LINER PIERRE/LUNE CN3 4ML,492
OMBRE+LINER QUARTZ/FUME CN3 4ML,394
OMBRE+LINER TURQUOISE CN3 4ML,347
OS CR DELIC POMME PN50 VPM,37
OS EXFOL CORPS POMME50 VPM PN,30
P DUO 2012 CN3 3G BLC ETIN ET VERT CAN,731
PAL FAP VERT/BLEU MAI11 A/T LU3 2X1.5G,2
PAL YX AMB/CANN/CHAT NOEL11 A/T LU3 3X1G,1
PAL YX AMET/LAPIS/OR NOEL12 L4 ANIM,81
PALETTE MAQUILLAGE 2012 CN3,50
PALETTE PUZZLE MAQ OS2009 CN3,1
PATCH STOP BOUTONS,3254
PATE PUR 2EN1 T75ML GEST/INSTIT,1298
PC TEINT BEIGE CLAIR 10G LUMINELLE 4,4088
PC TEINT BEIGE FONCE 10G LUMINELLE 4,4519
PC TEINT BEIGE MOYEN  10G LUMINELLE 4,8085
PDRE HAL/LEGER01 AX/SOLA CN3 20G,15115
PDRE LIBRE SOL/CUIVR NOEL11 A/T LU3 15G,2
PDRE LIBRE TRANSPARENCE LUM4 15G,2575
PDRE RAY JEUN BEIGE200 TT CLAIR CN3 8G,1059
PDRE RAY JEUN BEIGE400 TT MAT CN3 8G,1451
PDRE RAY JEUN BGE100 TT TR CLAIR CN3 8G,398
PDRE RAY JEUN BGE300 TT MEDIUM CN3 8G,1941
PDRE TT TEINTE UNIVERSELLE OS13 CN3 8G,354
PEEL VEG T75ML GESTES INSTITUTS,5171
PERLES SOLEIL ETE13 ANI LU4 28G,15
PETIT SAVON COCO PN 50G VPM,8866
PETIT SAVON FRAISE PN 50G VPM,5306
PETIT SAVON FRAMBOISE PN 50G VPM,9519
PETIT SAVON MURE PN 50G VPM,7018
PETIT SAVON PECHE PN 50G VPM,6953
PETIT SAVON VANILLE PN 50G VPM,7487
PETITE PALETTE CN 2013,487
"PINCEAU COMBLANT SV40 2,4ml",1
PORE MINIMIZING SERUM SEBOV 30ML,4360
PORTE MINE BLEU FLASH 02 CN3 0.3G,17346
PORTE MINE CUIVRE 06 CN3 0.3G,7562
PORTE MINE NOIR 01 CN3 0.3G,63371
PORTE MINE TURQUOIS 05 CN3 0.3G,15371
PORTE MINE VERT 03 CN3 0.3G,13655
PORTE MINE VIOLET 04 CN3 0.3G,9773
PORTE MINE YEUX BRUN08 ETE13 CN3 0.3G,235
"PORTE MINE YEUX DORE 10 CN3 0,3G",4760
"PORTE MINE YX ANTHRACITE CN3 0,3G",18905
PORTE MINE YX VERT ACID07 ETE13 CN3 0.3G,168
POUDRCORPSPAILLE FRUITSNOIR,3697
POUDRE LIBRE TRANSP/BEIGE CN3 20,10052
POUDRE LIBRE TRANSP/ROSEE CN3 20,7511
POUDRE MATITE CLAIR CN3 8G,4139
POUDRE MATITE MAT CN3 8G,4189
POUDRE MATITE MEDIUM CN3 8G,6342
POUDRE MATITE TRES CLAIR CN3 8G,1542
"QUATUOR FAP AQUATI SUB03 2014 CN3 4x1,2G",344
"QUATUOR FAP BLEU ECLAT04 2014 CN3 4x1,2G",363
"QUATUOR FAP BRUN INCAN06 2014 CN3 4x1,2G",1284
QUATUOR FAP GRIS PROF01 2014 CN3 4x1.2G,810
"QUATUOR FAP ROSE RAFFI05 2014 CN3 4x1,2G",1138
"QUATUOR FAP VERT RADIE02 2014 CN3 4x1,2G",276
R et E Cr Peau Mixte 50ml SV3,6579
"RAL BEIGE NUDE 71 LUM4 3,5G",2691
RAL BRILL CERISE NOIRE52 CN3 3.5G,4473
RAL BRILL CORAIL DOUX22 CN3 3.5G,2653
RAL BRILL IRIS MAUVE41 CN3 3.5G,3215
RAL BRILL MARRON GLACE12 CN3 3.5G,2678
RAL BRILL MIEL DORE11 CN3 3.5G,2475
RAL BRILL RGE GROSEILLE51 CN3 3.5G,2733
RAL BRILL ROSE COCKTAIL32 CN3 3.5G,3196
RAL BRILL ROSE GRENAD31 CN3 3.5G,2845
RAL BRILL ROSE VIF42 CN3 3.5G,3513
RAL BRILL SIENNE62 CN3 3.5G,2120
RAL BRILL TANGERINE61 CN3 3.5G,2120
RAL BRILLANC GEL/AMBRE CN3 2G,395
RAL BRILLANC GEL/CARAMEL CN3 2G,380
RAL BRILLANC GEL/LITCHI CN3 2G,1216
RAL BRILLANC GEL/PRALIN CN3 2G,539
RAL BRILLANC GEL/TANGERIN CN3 2G,635
RAL BRILLANCE GEL/CASSIS CN3 2G,875
RAL BRILLANCE GEL/CERISE CN3 2G,741
RAL BRILLANCE GEL/GROSEIL CN3 2G,749
RAL BRILLANCE LITCHI21 CN3 3.5G,3275
"RAL CHOCOLAT 73 LUM4 3,5G",2963
"RAL CORAIL 22 LUMINELLE4 3,5G",3853
RAL CR HYD BEIG/GINGEMB CN3 09 3.7,769
RAL CR HYD BEIG/SESAME CN3 09 3.7,1418
RAL CR HYD BEIG/VANILL CN3 09 3.7,1344
RAL CR HYD BOIS DE ROSE CN3 09 3.7,1376
"RAL CR HYD BRUN NOISET82 AX/SO CN3 3,7G",673
RAL CR HYD MAUV/ALCECN3 2009 3.7,2594
RAL CR HYD MAUV/PENSECN3 2009 3.7,2601
RAL CR HYD ORANG/CAPUCINCN3 09 3.7,808
RAL CR HYD ORANG/HIBISC CN3 09 3.7,516
RAL CR HYD ORANG/MUSCAD CN3 09 3.7,610
RAL CR HYD PETIT/MAUVCN3 2009 3.7,2906
RAL CR HYD RGE BOISE OS12 CN3 3.7G,85
RAL CR HYD ROS/CENTIFOL CN3 09 3.7,2075
RAL CR HYD ROS/DAMAS CN3 09 3.7,2034
RAL CR HYD ROS/FUCHSCN3 2009 3.7,967
RAL CR HYD ROS/GALICA CN3 09 3.7,2071
RAL CR HYD ROSE THE CN3 09 3.7,1829
RAL CR HYD ROSE/CANNELL CN3 09 3.7,2379
RAL CR HYD ROUG/COQUEL CN3 09 3.7,2336
RAL CR HYD ROUG/GRENAD CN3 09 3.7,1334
RAL CR HYD ROUG/PAVOT CN3 09 3.7,2388
"RAL CR HYDR BR/CHOCOL83 AX/SO CN3 3,7G",1125
"RAL CR HYDR BRUN NUD81 AX/SO CN3 3,7G",546
RAL CR HYDR PIGM BEIGE104 CN3 3.7,6
RAL CR HYDR PIGM FUSCH101 CN3 3.7,1
RAL CR HYDR PIGM MAUV106 CN3 3.7,2
RAL CR HYDR PIGM ROSE 105 CN3 3.7,3
RAL CR HYDR PIGM TOMET103 CN3 3.7,4
RAL CR HYDR PIGMENT RGE102 CN3 3.7,1
RAL CR HYDR ROS/ALBA CN3 2009 3.7,1224
RAL CR HYDR ROS/ISPAHCN3 2009 3.7,1121
"RAL CR HYDRAT AMETHYSTE AUTOMNE14 3,7G",664
"RAL CR HYDRAT VIOLINE AUTOMNE14 3,7G",1056
"RAL FRAMBOISE 14 LUM4 3,5G",5809
"RAL GRAND RGE BGE/CHAL CN3 2013 3,7G",651
"RAL GRAND RGE BGE/RAD CN3 2013 3,7G",1037
"RAL GRAND RGE BRUN/ARD CN3 2013 3,7G",1063
"RAL GRAND RGE COR/INCAN43 CN3 2013 3,7G",1418
"RAL GRAND RGE CORA/ETIN41 CN3 2013 3,7G",1737
"RAL GRAND RGE CORA/VOIL42 CN3 2013 3,7G",1818
"RAL GRAND RGE MAUV/PAST21 CN3 2013 3,7G",1604
"RAL GRAND RGE MAUV/SUBT22 CN3 2013 3,7G",2286
"RAL GRAND RGE RGE/GOUR33 CN3 2013 3,7G",1927
"RAL GRAND RGE RGE/RAYON32 CN3 2013 3,7G",1695
"RAL GRAND RGE ROS/ECL12 CN3 2013 3,7G",1691
"RAL GRAND RGE ROS/EQUIV73 CN3 2013 3,7G",1799
"RAL GRAND RGE ROS/HAL72 CN3 2013 3,7G",1181
"RAL GRAND RGE ROS/PDRE71 CN3 2013 3,7G",1533
"RAL GRAND RGE ROS/PETIL11 CN3 2013 3,7G",2203
"RAL GRAND RGE ROS/SOMPT13 CN3 2013 3,7G",2000
"RAL GRAND RGE ROUGE VIF31 CN3 2013 3,7G",1952
"RAL GRAND RGE VIOL/PROF23 CN3 2013 3,7G",2519
RAL GRD RGE OR COLLECTOR14 3.7GR,750
"RAL GRD RGE RGE/BORDE34 OS13 CN3 3,7G",253
"RAL GRD RGE VIOL/LUMI24 OS13 CN3 3,7G",317
"RAL MARRON GLACE 72 LUM4 3,5G",3706
"RAL MAUVE POUDRE 41 LUM4 3,5G",4392
"RAL MURE 42 LUMINELLE4 3,5G",7338
"RAL PECHE 21 LUMINELLE4 3,5G",1788
"RAL POMME D'AMOUR 31 LUM4 3,5G",4794
RAL RGE GLOSSY FRAMB/GIV LU3 MOND3.5G,2
"RAL ROSE BONBON 11 LUM4 3,5G",3466
"RAL ROSE POUDRE 12 LUM4 3,5G",3209
"RAL ROSE SORBET 13 LUM4 3,5G",3950
"RAL ROUGE PRUSSIEN HIV13 ANI LU4 3,5G",361
"RAL VIOLINE HIV13 ANI LUM4 3,5G",405
RAL ZERO DEF PISTIL BEIGE CN3 2g,6
RAL ZERO DEF PISTIL BOISE CN3 2g,6
RAL ZERO DEF PISTIL BORDEAUX CN3 2g,4
RAL ZERO DEF PISTIL BRUN CN3 2g,5
RAL ZERO DEF PISTIL FUSHIA CN3 2g,8
RAL ZERO DEF PISTIL ORANGE CN3 2g,8
RAL ZERO DEF PISTIL ROSE CN3  2g,5
RAL ZERO DEF PISTIL ROUGE CN3 2g,5
REACTIV LUMIERE ELIX7.9 FL30ml,1225
RECH DCHE DOUCEUR HAMAMELIS 250ML,1704
RECH GEL DOUC MAINS HAMAMELIS 250ML,2398
RECH SHAMP DOUCEUR HAMAMELIS 250 ML,39
RECH SOIN OPT 1ereRIDES  INOS40,1
RECH SOIN RECUPER NOCT INOS40,6
RECHARGE CR ECLAT INOS P40ml,2
RED RIDE YX BIOSPEC T15,972
REPACK 2013COLLECTOR RC2 P75ml,430
REPACK AR BIEN JOUR RC2 P 50ml,24457
REPACK AR BIEN NUIT RC2 P 50ml,11880
REPACK CONTOUR YEUX RC2 P15ml,10558
REPACK SHP BRIL ECOLABEL 300ML,13535
REPULPEUR EXTREME  SV3 30ML,2884
RICHE CREME REPACK YEUX 15ML,62
RIDES+ECLAT CR NUIT P50ml SV40,7244
RIDES+FERMETE JOUR P50ml SV40,16416
RIDES+FERMETE NUIT P50ml SV40,7632
ROLL ON LISSANT CS T15ml,1396
ROLL ON REGARD ELIXIR7.9 t15ml,6662
ROLL-ON  VANILLE NOIRE 10ML S.E,19
RPACK ELIX DE BEAUTE RC2 10ml,3466
RetE Roll-on rajeunissant SV15,5451
SAV ORIENTAL TRAD HAMMAM 150g,4895
SAVON  PN POMME VPM,8
SAVON 100g CITRON FDN 2012 VPM,122
SAVON 100g MAUVES FDN 2012 VPM,108
SAVON AVOINE PN2 300G VPM,1733
SAVON FP 50g VPM,3
SAVON FRAISE VPM PN2 100G,665
SAVON FRAMBOISE VPM PN2 100G,146
SAVON LAIT DE COCO VPM PN2 100G,78
SAVON OLIVE PN2 300G VPM,2572
SAVON PECHE VPM PN2 100G,475
SAVON PN MIEL 300g VPM,2
SAVON PN2 MURE VPM 100G,482
SAVON VANILLE VPM PN2 100G,359
SD RETROPICAL FL200ML,1513
SELS DE BAIN 15GR AGR FLEURS,143
SELS DE BAIN 15GR LILAS MAUVE,228
SELS DE BAIN 15GR ROSE FRAICHE,160
SER BOUCLIER ANTIOXY24H 30mlCS,316
SER PERF ANTI TACHES 0 DEFAUT 30ML,486
SERUM CLE VEGETAL MINCEUR  150ML,9723
SERUM INT JEUNESSE ELX7.9 30ml,8326
SERUM RADIANCE 40ml ADN VEG,692
SERUM RESCULPT OVALE LIFT 30ML,3072
SERUM SOS HYDRA/VEG FP30ML,5272
SH 100ML POMME DE REINETTE,50
SH DCH HOGGAR 200 ML,7212
SH. DOUCHE NATURE HOMME 200ML,4623
SHAMP BRILLANCE ECOLABEL 300ML,2077
SHAMP HAMAMELIS FL300ML,3
SHAMPOOING 250ML POMME D'API,3
SHP PHYTUM ANTI-AGE 200ML,1
SHPG DCHE TIARE ANIM MONOI FL150ML,2
SO ELIXIR AERO  DEO PARFUME 100ML,317
SOIN 3EN1 GINSENG HOM T50ml,1
SOIN 3en1 SENSITIVE YRmen 50ml,7109
SOIN AA PxSENSIBLE ELIX Fl30ml,3166
SOIN CONC COMP RC2 FL POMP40ML,959
SOIN COSM ORALE 3X10 CAPS RC2,1
SOIN EXFOL ONGL/CUTIC MANUCURE CN3 5.5,1718
SOIN ONGLES FORTIFIES MANUC CN3 10G,2860
SOIN OPTIMAL 1ERE RIDES INOS P40,3
SOIN RECUPERATEUR NOCT INOS 40,12
SOIN REDUCT RIDES VIS ACT SENS,1285
SOIN REGAL JOUR OVALE LIFT 50ML,7154
SOIN STOP IMPERF PURE SYSTEM T40 40ML,9789
SOIN TEINTE SV3 50ML,2706
SOIN VITALITE 24H 50mlCURE SOL,1132
SOS JAMB/LOURDE SPA VEG FL 200,1
SOS MAINS PROPRE T30ML SVC,17869
SPOT CORRECT PURE SYSTEM T10 10ML,298
SPRAY 3EN1 IP30 FL150 PROT VEG,3160
SPRAY HYD PROT 15 FL150 PROT VEG,3255
SPRAY IP50+ PROTECT VEG  FLP150ml,3437
SPRAY SCULPTANT 150ML,4666
SPRAY VOLUME 200ML,4284
STICK COR ZERO DEF BGE CLAIR01 CN3 1.4G,11832
STICK COR ZERO DEF BGE MOYEN02 CN3 1.4G,13084
STOP CORRECTEUR MALIN 1.4G SEBO,1705
STYLO LEVR ZERO DEF INCOLORE81 CN3 0.3G,1276
STYLO RAYON JEUNES DORE03 CN3 1.5ML,2430
STYLO RAYON JEUNES ROSE01 CN3 1.5ML,1669
STYLO RAYON JEUNESSE BEIGE02 CN3 1.5ML,5639
STYLO TEINT ECLAT BEIGE CN3 1.5G,1053
STYLO TEINT ECLAT ROSE CN3 1.5G,706
SUNNYTINT SOLEIL ETE13 ANI LU4 15 ML,138
SVA HYDR HALE PROG COR FL150ML,4211
SVA HYDRA HALE PROG VIS T50ml,4295
SVC 3en1  nutritotal T150ml,23240
SVC A AGE MASQUE 150ml,1204
SVC A AGE SH REVITALISANT 200ML,2950
SVC ANTICHUTE SH STIM Fl200ml,11887
SVC ANTIPELL SH TRAITANT FL200ML,8018
SVC ANTIPEOL LOTION VPM 150ML,733
SVC AS NOURRISSANT T150ML,2
SVC BAUME GRAND FROID pot 50ml,8216
SVC BRILLAN MASQ ECLAT P150ml,1
SVC BRILLANCE SH 300ML,10931
SVC BRILLANCE SH ECLAT FL200ML,2
SVC CR MAINS ET ONGLES T75ml,35658
SVC CREME NOURRISSANTE T50ml,15485
SVC CREME QUOTIDIENNE T75ml,72394
SVC DEMEL 3EN1 SH 300ML,13993
SVC DOUCEUR SH 300ML,11060
SVC ECLAT COULEUR AP SH 150ML,10720
SVC ECLAT COULEUR SH 300ML,16877
SVC ECLAT COULEUR SPRAY 150ML,1614
SVC EXFO GOMMAGE VEG T150ml,27903
SVC FERM 2en1 HYD FERM Fl200ml,5052
SVC FERM BAU EXPFERMETE P150ml,679
SVC FERM LIFTING BUSTE Fl100ml,4203
SVC HYDRA 2EN1 ANTIREP Fl200ml,2845
SVC HYDRA HYDR VELOURS Fl 200ml,4725
SVC HYDRA NOURRIST Fl200ml,8640
SVC JAMB SOS JLOURDES F200ml,7726
SVC Mini CREME Hyd T30ml,35
SVC NUTRI 2 MASQ NUTRI P150ml,3142
SVC NUTRI BAUM REP PTE SEC T50ML,2
SVC NUTRITION AP SH 150ML,11575
SVC NUTRITION SH 300ML,11986
SVC PIEDS BAUME REP T50ml,17149
SVC PIEDS CR DEO 12H T50ML,7756
SVC PIEDS PAST EFF RELAX,7601
SVC PIEDS SOS P ECHAUF T50ML,21014
SVC PURETE SH 300 ML,20105
SVC PURETE SH PURIF FL200ML,1
SVC REFLETS SH REF ARG FL200ML,5857
SVC REFLETS SH REF CHAT FL200ML,4950
SVC REFLETS SH REF DOR FL200ML,7640
SVC REP BAUME REP P150ml,5323
SVC REP LAIT REP T150ML,63864
SVC REPARATION AP SH 150 ML,14758
SVC REPARATION MASQUE 150ml,5736
SVC REPARATION SH 300ML,18209
SVC SHAMP ANTIPEL FL300ML,4981
SVC TRAN EAU DEML TILL FL200ML,33
SVC TRAN VIN RINC FRBOI FL150ML,35
SVC VOLU SH VOLUMATEUR FL200ML,17
SVC VOLUME SH 300ML,15197
SVC VOLUME SPR VOL  FL200ML,31
SVC pieds cr nourr T50ml,28881
SVC pieds gommage T50ml,18706
Soin Redens Vis Ovale Lift50ml,4189
Soin Rehausseur Regard 14ml OL,3070
TEINT ENSOLEILLE BRONZ NAT 75,1
TENSEUR Y ENERGIE T 15ML,1516
TRIO BRONZ TERRE SOLEIL ETE14 LU4 VPM15G,4147
TRIO FAP PECH/BLEU/EUCAL ETE13 LU4 3G,157
TRIO REGARD BLEU/BRONZ/BGE ETE14 LU4 3G,1237
TRIO REGARD OS13 CN3 7G,178
U LEVR TERR/SIENNECN3 09 5,4
ULTRA CONFORT JOUR NUTRISP T40ML,4
ULTRA CONFORT NUIT NUTRISP P50ML,1
ULTRA PURETE SEBOSPECIFIC TUBE 125ML,1246
UMAJ GD CERISIERS FL200ML,16342
UMAJ GD MUGUET FL 200ML,13676
UMAJ LAIT MUGUET FL 200ML,5010
VAO AMETHYSTE AUTOMNE14 3ML,5452
VAO AMETHYSTE NOEL12 LU4 ANI 3ML,172
VAO ARGENT GIVRE 91 HIV14 ANI LU4 3ML,4982
VAO BAIE NOEL11 AX/TD LUM3 3ML,9
VAO BLANC FRENCH MANUCURE CN3 5.5ML,2132
VAO BLANC NEIGE 02 LUM4 3ML,8355
VAO BLANC PERLE03 IT/COL FEV14 LU4 3ML,5594
VAO BLEU AQUAREL 55 IT/COL AOUT14 L4 3ML,6237
VAO BLEU ARDOISE HIV13 ANI LU4 3ML,928
VAO BLEU BERMUDE ETE13 ANI LU4 3ML,79
VAO BLEU CHIC IT/COL AOUT13 LU4 3ML,165
VAO BLEU ENCRE 54 IT/COL AOUT14 LU4 3ML,4801
VAO BLEU NUIT 51 LUMINELLE4 3ML,8622
VAO BLEU PAON HIV13 ANI LUM4 3ML,1603
VAO BLEU ROI ETE14 ANI LUM4 3ML,4202
"VAO BRIL BEIG/NACR52 AX/SO CN3 5,5ML",2577
"VAO BRIL CERISE NOIRE113 ETE14 CN3 5,5ML",1242
"VAO BRIL GRIS INT107 OS13 CN3 5,5ML",1111
VAO BRIL ORANGE CHAUD43 ETE13 CN3 5.5 ML,625
"VAO BRIL PRUNE108 OS13 CN3 5,5ML",228
"VAO BRIL ROS/COCKTAIL111 ETE14 CN3 5,5ML",2799
VAO BRIL ROSE SOMPTUEUX 14 CN3 5.5ML,3647
"VAO BRIL ROUG/SIENN 33 AX/SO CN3 5,5ML",1357
VAO BRIL ROUGE BOISE OS12 CN3 5.5ML,39
VAO BRILL 2011 AUBERGINE102 CN3 5.5,3203
VAO BRILL 2011 CHOCOLAT 105 CN3 5.5,1408
VAO BRILL 2011 FRAMBOIS104 CN3 5.5,2667
VAO BRILL 2011 ROUGE 101CN3 5.5,2220
VAO BRILL 2011 RUBIS 103 CN3 5.5,3563
VAO BRILL 2011 TAUPE106 CN3 5.5,3354
VAO BRILL BLEU MAUVE24 ETE13 CN3 5.5 ML,129
VAO BRILL BRUN/ORANG LEGER CN3 5.5ml,1
VAO BRILL CORAIL/PAST CN3 5.5ml,507
VAO BRILL ROSE NUDE 13 CN3 5.5ML,2870
"VAO BRILL SIENNE112 ETE14 CN3 5,5ML",759
VAO BRILL TAUPE ROSE OS12 CN3 5.5ML,9
VAO BRILLANCE BORDEAUX CN3 5.5ml,3064
VAO BRILLANCE BRUN NOIR CN3 5.5ml,2247
VAO BRILLANCE BRUN PEAU CN3 5.5ml,3390
VAO BRILLANCE CORAIL VIF CN3 5.5ml,3786
VAO BRILLANCE CUIVRE42 ETE13 CN3 5.5 ML,414
"VAO BRILLANCE DORE110 ETE14 CN3 5,5ML",2211
VAO BRILLANCE MAUV/LEGER CN3 5.5ml,1931
VAO BRILLANCE MAUVE PDRE 23 CN3 5.5ML,2421
VAO BRILLANCE PERLE62 ETE13 CN3 5.5 ML,292
VAO BRILLANCE ROS/FUCHSIA CN3 5.5ml,2312
VAO BRILLANCE ROS/PASTEL CN3 5.5ml,4243
VAO BRILLANCE ROUG/GRENAD CN3 5.5ml,3405
VAO BRILLANCE ROUILLE 35 CN3 5.5ML,560
VAO BRILLANCE VIOLINE CN3 5.5ml,3056
VAO BRUN CUIVRE ETE14 ANI LUM4 3ML,3912
VAO CERISE NOIRE 32 LUM4 3ML,13382
VAO CORAIL GIVRE 23 HIV14 ANI LU4 3ML,3027
VAO CORAIL PEAU 22 IT/COL AOU14 LUM4 3ML,4915
VAO CRAQ BLEU/PROF ETE13 ANI LU4 3ML,53
VAO CRAQUELE BLEU/MEDIT ETE14 ANI L4 3ML,3553
VAO EBENE NOEL11 AX/TD LU3 3ML,1
VAO FUCHSIA 13 LUMINELLE4 3ML,14078
VAO GLITTER ECLAT/ARG HIV13 ANI LU4 3ML,176
VAO GLITTER ROS/PAILL HIV13 ANI LU4 3ML,104
VAO GLOSS REHAUSS BRILL MANUC CN3 5.5ML,8952
VAO HIBISCUS ROUGE ETE13 ANI LU4 3ML,614
VAO HISBISCUS ROSE ETE13 ANI LU4 3ML,503
VAO INDIGO NOEL12 LUM4 ANIM 3ML,24
VAO JAUNE CITRON ETE14 ANI LUM4 3ML,5751
VAO JAUNE/LUMIN IT/COL AOUT13 LU4 3ML,287
VAO JOLI TURQUOISE IT/COL AOUT13 LU4 3ML,123
VAO LILAS/SUBLIM IT/COL AOUT13 LU4 3ML,391
VAO MENTHE TROPIC ETE13 ANI LU4 3ML,85
VAO MENTHE64 IT/COL FEV14 LU4 3ML,5185
VAO NUANC TURQUOIS 56 IT/CO AOU14 L4 3ML,7754
VAO OMBRE POURPRE 43 IT/COL AOU14 L4 3ML,7354
VAO OR AUTOMNE14 3ML,6625
VAO OR ETE14 ANIM LUM4 3ML,7764
VAO OR SCINTIL NOEL12 LU4 ANI 3ML,104
VAO ORANGE SANGUINE 21 LUM4 3ML,7121
VAO ORCHIDE ROSE ETE13 ANI LU4 3ML,596
VAO PARME 41 LUMINELLE4 3ML,8268
VAO PASTEL BEIGE 01 MANUC CN3 5.5ML,877
VAO PASTEL PARME 03 MANUC CN3 5.5ML,4388
VAO PASTEL ROSE 02  MANUC CN3 5.5ML,1161
VAO PINK RUBIS NOEL12 LU4 ANI 3ML,24
VAO RAYON VERT NOEL12 LU4 ANI 3ML,13
VAO RGE IMPRESSION 32 IT/CO AOU14 L4 3ML,4286
VAO RGE PRUSSIEN HIV13 ANI LUM4 3ML,1516
VAO ROSE A L'EAU A/T MAI10 LUM3 3ML,1
VAO ROSE DELICAT 16 IT/COL AOU14 LU4 3ML,5056
VAO ROSE GIVRE 14 HIV14 ANI LU4 3ML,3936
VAO ROSE JOYEUX IT/COL AOUT13 LU4 3ML,351
VAO ROSE PASTEL 11 LUM4 3ML,9295
VAO ROSE SORBET 12 LUM4 3ML,11892
VAO ROSE VIF ETE14 ANI LUM4 3ML,6819
VAO ROSE14 IT/COL FEV14 LUM4 3ML,7714
VAO ROUGE DAHLIA IT/COL AOUT13 LU4 3ML,1133
VAO ROUGE GROSEILLE 31 LUM4 3ML,11665
VAO SAPIN NOEL11 AX/TD LU3 3ML,5
VAO TENDRE JAUNE 90 IT/COL AOUT14 L4 3ML,2309
"VAO TOP COAT OPALE109 OS13 CN3 5,5ML",1268
VAO TOPCO ARGEN NACR IT/COL FEV14 L4 3ML,4995
VAO TOPCO BLEU NACRE IT/COL FEV14 L4 3ML,3652
VAO TOPCO FUCHIA NACR ITCOL FEV14 L4 3ML,5361
VAO TOPCO GREGE NACR IT/COL FEV14 L4 3ML,4161
VAO TRANSP ETINCELANT 01 LUM4 3ML,11483
VAO VERT ACIDULE63 IT/COL FEV14 LU4 3ML,6185
VAO VERT CANARD 61 LUM4 3ML,5781
VAO VERT D'EAU 66 IT/COL AOUT14 LUM4 3ML,6986
VAO VERT DE GRIS ETE12 LU4 ANIM 3ML,4
VAO VERT EMERAUD 65 IT/CO AOUT14 L4 3ML,4220
VAO VERT GIVRE 62 HIV14 ANI LU4 3ML,2940
VAO VIOLET ELECTRIQ 42 LUM4 3ML,8418
VAO VIOLINE AUTOMNE14 3ML,4582
VENTRE PLAT T150ml CAFE VERT,73
VINAIGRE DE RINCAGE FRAMBOISE 150ML,3858
VOILE CORPS SENTEUR NATURE 200,24
VOILE D' AMBRE  BRUME DE PARFUM DEO100ML,41
VOILE DE NACRE OR/JAU NOEL10 A/TLU3 7ML,1
VOILE DE TT CLAIR NAT 01 LU4 30ML,2454
VOILE DE TT MAT/NATUR 03 LU4 30ML,1926
VOILE DE TT MEDIUM NAT 02 LU4 30ML,2876
VOILE TT LUM3 BEIGE SOLEIL T30ML,1
ZERO TRACE SPRAY SPF 15 FL150,4817
ZERO TRACE SPRAY SPF 30 150ML,4547
x99SS GELEE FRUITS VANIL PN2 10ML,2639
